episode,total_reward,epsilon,total_steps
0,-2000.0,0.99,1999
1,-2000.0,0.9801,1999
2,-2000.0,0.9702989999999999,1999
3,-2000.0,0.96059601,1999
4,-2000.0,0.9509900498999999,1999
5,-2000.0,0.9414801494009999,1999
6,-2000.0,0.9320653479069899,1999
7,-2000.0,0.92274469442792,1999
8,-2000.0,0.9135172474836407,1999
9,-2000.0,0.9043820750088043,1999
10,-2000.0,0.8953382542587163,1999
11,-2000.0,0.8863848717161291,1999
12,-2000.0,0.8775210229989678,1999
13,-2000.0,0.8687458127689781,1999
14,-1676.0,0.8600583546412883,1675
15,-2000.0,0.8514577710948754,1999
16,-2000.0,0.8429431933839266,1999
17,-2000.0,0.8345137614500874,1999
18,-2000.0,0.8261686238355865,1999
19,-2000.0,0.8179069375972307,1999
20,-2000.0,0.8097278682212583,1999
21,-2000.0,0.8016305895390458,1999
22,-2000.0,0.7936142836436553,1999
23,-2000.0,0.7856781408072188,1999
24,-2000.0,0.7778213593991465,1999
25,-2000.0,0.7700431458051551,1999
26,-2000.0,0.7623427143471035,1999
27,-2000.0,0.7547192872036325,1999
28,-2000.0,0.7471720943315961,1999
29,-2000.0,0.7397003733882802,1999
30,-2000.0,0.7323033696543974,1999
31,-2000.0,0.7249803359578534,1999
32,-2000.0,0.7177305325982748,1999
33,-2000.0,0.7105532272722921,1999
34,-2000.0,0.7034476949995692,1999
35,-2000.0,0.6964132180495735,1999
36,-2000.0,0.6894490858690777,1999
37,-2000.0,0.682554595010387,1999
38,-2000.0,0.6757290490602831,1999
39,-2000.0,0.6689717585696803,1999
40,-2000.0,0.6622820409839835,1999
41,-2000.0,0.6556592205741436,1999
42,-2000.0,0.6491026283684022,1999
43,-2000.0,0.6426116020847181,1999
44,-2000.0,0.6361854860638709,1999
45,-2000.0,0.6298236312032323,1999
46,-2000.0,0.6235253948912,1999
47,-2000.0,0.617290140942288,1999
48,-2000.0,0.6111172395328651,1999
49,-2000.0,0.6050060671375365,1999
50,-2000.0,0.5989560064661611,1999
51,-2000.0,0.5929664464014994,1999
52,-2000.0,0.5870367819374844,1999
53,-2000.0,0.5811664141181095,1999
54,-2000.0,0.5753547499769285,1999
55,-2000.0,0.5696012024771592,1999
56,-2000.0,0.5639051904523876,1999
57,-2000.0,0.5582661385478638,1999
58,-2000.0,0.5526834771623851,1999
59,-2000.0,0.5471566423907612,1999
60,-2000.0,0.5416850759668536,1999
61,-2000.0,0.536268225207185,1999
62,-2000.0,0.5309055429551132,1999
63,-2000.0,0.525596487525562,1999
64,-2000.0,0.5203405226503064,1999
65,-2000.0,0.5151371174238033,1999
66,-2000.0,0.5099857462495653,1999
67,-2000.0,0.5048858887870696,1999
68,-2000.0,0.4998370298991989,1999
69,-2000.0,0.49483865960020695,1999
70,-2000.0,0.4898902730042049,1999
71,-2000.0,0.48499137027416284,1999
72,-2000.0,0.4801414565714212,1999
73,-2000.0,0.475340042005707,1999
74,-2000.0,0.47058664158564995,1999
75,-2000.0,0.4658807751697934,1999
76,-2000.0,0.4612219674180955,1999
77,-2000.0,0.45660974774391455,1999
78,-2000.0,0.4520436502664754,1999
79,-2000.0,0.44752321376381066,1999
80,-2000.0,0.44304798162617254,1999
81,-2000.0,0.4386175018099108,1999
82,-2000.0,0.4342313267918117,1999
83,-2000.0,0.4298890135238936,1999
84,-2000.0,0.42559012338865465,1999
85,-2000.0,0.4213342221547681,1999
86,-2000.0,0.41712087993322045,1999
87,-2000.0,0.41294967113388825,1999
88,-2000.0,0.40882017442254937,1999
89,-2000.0,0.4047319726783239,1999
90,-2000.0,0.40068465295154065,1999
91,-2000.0,0.39667780642202527,1999
92,-2000.0,0.392711028357805,1999
93,-2000.0,0.38878391807422696,1999
94,-2000.0,0.3848960788934847,1999
95,-2000.0,0.38104711810454983,1999
96,-2000.0,0.37723664692350434,1999
97,-2000.0,0.37346428045426927,1999
98,-2000.0,0.36972963764972655,1999
99,-2000.0,0.36603234127322926,1999
100,-2000.0,0.36237201786049694,1999
101,-2000.0,0.358748297681892,1999
102,-2000.0,0.35516081470507305,1999
103,-2000.0,0.3516092065580223,1999
104,-2000.0,0.34809311449244207,1999
105,-2000.0,0.34461218334751764,1999
106,-2000.0,0.34116606151404244,1999
107,-2000.0,0.337754400898902,1999
108,-2000.0,0.334376856889913,1999
109,-2000.0,0.33103308832101386,1999
110,-2000.0,0.3277227574378037,1999
111,-2000.0,0.3244455298634257,1999
112,-2000.0,0.3212010745647914,1999
113,-2000.0,0.3179890638191435,1999
114,-2000.0,0.31480917318095203,1999
115,-2000.0,0.3116610814491425,1999
116,-2000.0,0.30854447063465107,1999
117,-2000.0,0.30545902592830454,1999
118,-2000.0,0.3024044356690215,1999
119,-2000.0,0.29938039131233124,1999
120,-2000.0,0.2963865873992079,1999
121,-2000.0,0.29342272152521587,1999
122,-2000.0,0.2904884943099637,1999
123,-2000.0,0.28758360936686406,1999
124,-1824.0,0.2847077732731954,1823
125,-2000.0,0.28186069554046345,1999
126,-2000.0,0.2790420885850588,1999
127,-2000.0,0.2762516676992082,1999
128,-2000.0,0.27348915102221616,1999
129,-2000.0,0.270754259511994,1999
130,-2000.0,0.26804671691687404,1999
131,-2000.0,0.2653662497477053,1999
132,-2000.0,0.2627125872502282,1999
133,-2000.0,0.2600854613777259,1999
134,-2000.0,0.2574846067639487,1999
135,-2000.0,0.2549097606963092,1999
136,-2000.0,0.2523606630893461,1999
137,-2000.0,0.24983705645845267,1999
138,-2000.0,0.24733868589386815,1999
139,-2000.0,0.24486529903492946,1999
140,-2000.0,0.24241664604458016,1999
141,-2000.0,0.23999247958413436,1999
142,-2000.0,0.23759255478829303,1999
143,-2000.0,0.2352166292404101,1999
144,-2000.0,0.232864462948006,1999
145,-2000.0,0.23053581831852593,1999
146,-2000.0,0.22823046013534068,1999
147,-2000.0,0.22594815553398728,1999
148,-2000.0,0.22368867397864742,1999
149,-2000.0,0.22145178723886094,1999
150,-2000.0,0.21923726936647234,1999
151,-2000.0,0.2170448966728076,1999
152,-2000.0,0.21487444770607952,1999
153,-2000.0,0.21272570322901874,1999
154,-700.0,0.21059844619672854,699
155,-2000.0,0.20849246173476127,1999
156,-2000.0,0.20640753711741366,1999
157,-2000.0,0.20434346174623952,1999
158,-2000.0,0.20230002712877712,1999
159,-2000.0,0.20027702685748935,1999
160,-2000.0,0.19827425658891445,1999
161,-1125.0,0.1962915140230253,1124
162,-2000.0,0.19432859888279505,1999
163,-1197.0,0.1923853128939671,1196
164,-1938.0,0.19046145976502743,1937
165,-2000.0,0.18855684516737714,1999
166,-2000.0,0.18667127671570335,1999
167,-2000.0,0.18480456394854633,1999
168,-2000.0,0.18295651830906087,1999
169,-1510.0,0.18112695312597027,1509
170,-2000.0,0.17931568359471056,1999
171,-2000.0,0.17752252675876345,1999
172,-644.0,0.17574730149117582,643
173,-2000.0,0.17398982847626407,1999
174,-2000.0,0.17224993019150142,1999
175,-2000.0,0.1705274308895864,1999
176,-1305.0,0.16882215658069055,1304
177,-616.0,0.16713393501488363,615
178,-645.0,0.16546259566473479,644
179,-2000.0,0.16380796970808745,1999
180,-2000.0,0.16216989001100657,1999
181,-2000.0,0.1605481911108965,1999
182,-2000.0,0.15894270919978754,1999
183,-1826.0,0.15735328210778965,1825
184,-1258.0,0.15577974928671176,1257
185,-2000.0,0.15422195179384465,1999
186,-2000.0,0.1526797322759062,1999
187,-2000.0,0.15115293495314713,1999
188,-648.0,0.14964140560361566,647
189,-2000.0,0.1481449915475795,1999
190,-1409.0,0.1466635416321037,1408
191,-1904.0,0.14519690621578268,1903
192,-2000.0,0.14374493715362485,1999
193,-414.0,0.1423074877820886,413
194,-2000.0,0.1408844129042677,1999
195,-148.0,0.13947556877522502,147
196,-2000.0,0.13808081308747278,1999
197,-2000.0,0.13670000495659804,1999
198,-2000.0,0.13533300490703207,1999
199,-2000.0,0.13397967485796175,1999
200,-2000.0,0.13263987810938213,1999
201,-2000.0,0.1313134793282883,1999
202,-942.0,0.13000034453500542,941
203,-2000.0,0.12870034108965536,1999
204,-576.0,0.12741333767875881,575
205,-1427.0,0.12613920430197123,1426
206,-2000.0,0.12487781225895152,1999
207,-2000.0,0.123629034136362,1999
208,-2000.0,0.12239274379499838,1999
209,-2000.0,0.1211688163570484,1999
210,-2000.0,0.11995712819347792,1999
211,-2000.0,0.11875755691154315,1999
212,-423.0,0.11756998134242772,422
213,-2000.0,0.11639428152900344,1999
214,-2000.0,0.11523033871371341,1999
215,-2000.0,0.11407803532657627,1999
216,-2000.0,0.11293725497331052,1999
217,-2000.0,0.1118078824235774,1999
218,-1321.0,0.11068980359934164,1320
219,-2000.0,0.10958290556334822,1999
220,-2000.0,0.10848707650771475,1999
221,-1832.0,0.1074022057426376,1831
222,-1497.0,0.10632818368521123,1496
223,-1136.0,0.10526490184835911,1135
224,-790.0,0.10421225282987552,789
225,-2000.0,0.10317013030157676,1999
226,-2000.0,0.10213842899856099,1999
227,-250.0,0.10111704470857538,249
228,-421.0,0.10010587426148963,420
229,-1559.0,0.09910481551887473,1558
230,-2000.0,0.09811376736368599,1999
231,-2000.0,0.09713262969004913,1999
232,-1072.0,0.09616130339314863,1071
233,-1849.0,0.09519969035921715,1848
234,-1252.0,0.09424769345562498,1251
235,-795.0,0.09330521652106873,794
236,-2000.0,0.09237216435585804,1999
237,-2000.0,0.09144844271229946,1999
238,-816.0,0.09053395828517646,815
239,-1965.0,0.08962861870232469,1964
240,-2000.0,0.08873233251530144,1999
241,-2000.0,0.08784500919014843,1999
242,-1734.0,0.08696655909824694,1733
243,-2000.0,0.08609689350726446,1999
244,-714.0,0.08523592457219181,713
245,-1244.0,0.0843835653264699,1243
246,-2000.0,0.0835397296732052,1999
247,-1983.0,0.08270433237647315,1982
248,-2000.0,0.08187728905270841,1999
249,-316.0,0.08105851616218133,315
250,-1295.0,0.08024793100055952,1294
251,-207.0,0.07944545169055392,206
252,-258.0,0.07865099717364837,257
253,-2000.0,0.07786448720191189,1999
254,-1158.0,0.07708584232989277,1157
255,-508.0,0.07631498390659384,507
256,-291.0,0.07555183406752791,290
257,-1480.0,0.07479631572685264,1479
258,-2000.0,0.07404835256958411,1999
259,-722.0,0.07330786904388827,721
260,-1036.0,0.07257479035344938,1035
261,-172.0,0.07184904244991488,171
262,-1225.0,0.07113055202541574,1224
263,-476.0,0.07041924650516158,475
264,-2000.0,0.06971505404010997,1999
265,-367.0,0.06901790349970886,366
266,-896.0,0.06832772446471178,895
267,-696.0,0.06764444722006466,695
268,-915.0,0.066968002747864,914
269,-882.0,0.06629832272038537,881
270,-800.0,0.06563533949318151,799
271,-1140.0,0.06497898609824969,1139
272,-364.0,0.0643291962372672,363
273,-2000.0,0.06368590427489453,1999
274,-660.0,0.06304904523214558,659
275,-1858.0,0.06241855477982412,1857
276,-2000.0,0.06179436923202588,1999
277,-512.0,0.06117642553970562,511
278,-324.0,0.06056466128430856,323
279,-831.0,0.05995901467146548,830
280,-1138.0,0.05935942452475082,1137
281,-410.0,0.058765830279503314,409
282,-720.0,0.05817817197670828,719
283,-752.0,0.057596390256941195,751
284,-360.0,0.05702042635437178,359
285,-2000.0,0.05645022209082806,1999
286,-2000.0,0.05588571986991978,1999
287,-320.0,0.055326862671220584,319
288,-498.0,0.05477359404450838,497
289,-1179.0,0.054225858104063294,1178
290,-2000.0,0.05368359952302266,1999
291,-2000.0,0.053146763527792434,1999
292,-310.0,0.052615295892514506,309
293,-533.0,0.052089142933589364,532
294,-325.0,0.05156825150425347,324
295,-529.0,0.051052568989210935,528
296,-2000.0,0.05054204329931883,1999
297,-954.0,0.05003662286632564,953
298,-995.0,0.04953625663766238,994
299,-736.0,0.04904089407128576,735
300,-1244.0,0.0485504851305729,1243
301,-1023.0,0.048064980279267165,1022
302,-1630.0,0.04758433047647449,1629
303,-682.0,0.04710848717170975,681
304,-1493.0,0.04663740229999265,1492
305,-2000.0,0.04617102827699272,1999
306,-1471.0,0.045709317994222794,1470
307,-504.0,0.04525222481428057,503
308,-583.0,0.04479970256613776,582
309,-299.0,0.04435170554047638,298
310,-754.0,0.043908188485071616,753
311,-320.0,0.0434691066002209,319
312,-568.0,0.04303441553421869,567
313,-1004.0,0.0426040713788765,1003
314,-351.0,0.04217803066508773,350
315,-796.0,0.04175625035843686,795
316,-1832.0,0.041338687854852486,1831
317,-1111.0,0.04092530097630396,1110
318,-458.0,0.040516047966540916,457
319,-647.0,0.04011088748687551,646
320,-734.0,0.03970977861200675,733
321,-914.0,0.03931268082588668,913
322,-1056.0,0.03891955401762781,1055
323,-537.0,0.03853035847745153,536
324,-991.0,0.03814505489267701,990
325,-367.0,0.03776360434375024,366
326,-511.0,0.03738596830031274,510
327,-1891.0,0.03701210861730961,1890
328,-1262.0,0.03664198753113651,1261
329,-381.0,0.036275567655825146,380
330,-300.0,0.03591281197926689,299
331,-344.0,0.035553683859474224,343
332,-364.0,0.03519814702087948,363
333,-1225.0,0.03484616555067068,1224
334,-862.0,0.034497703895163975,861
335,-712.0,0.03415272685621234,711
336,-276.0,0.03381119958765021,275
337,-408.0,0.03347308759177371,407
338,-214.0,0.03313835671585597,213
339,-1576.0,0.03280697314869741,1575
340,-702.0,0.032478903417210436,701
341,-763.0,0.032154114383038335,762
342,-2000.0,0.03183257323920795,1999
343,-2000.0,0.03151424750681587,1999
344,-469.0,0.03119910503174771,468
345,-396.0,0.030887113981430233,395
346,-465.0,0.03057824284161593,464
347,-1977.0,0.03027246041319977,1976
348,-295.0,0.029969735809067772,294
349,-2000.0,0.029670038450977095,1999
350,-1089.0,0.029373338066467324,1088
351,-992.0,0.02907960468580265,991
352,-298.0,0.028788808638944622,297
353,-216.0,0.028500920552555174,215
354,-405.0,0.028215911347029624,404
355,-546.0,0.027933752233559327,545
356,-324.0,0.027654414711223735,323
357,-1102.0,0.027377870564111496,1101
358,-672.0,0.027104091858470382,671
359,-1078.0,0.026833050939885677,1077
360,-298.0,0.02656472043048682,297
361,-456.0,0.02629907322618195,455
362,-1382.0,0.026036082493920133,1381
363,-637.0,0.02577572166898093,636
364,-405.0,0.025517964452291122,404
365,-806.0,0.02526278480776821,805
366,-1206.0,0.025010156959690527,1205
367,-509.0,0.02476005539009362,508
368,-422.0,0.024512454836192684,421
369,-245.0,0.024267330287830756,244
370,-976.0,0.024024656984952448,975
371,-405.0,0.023784410415102923,404
372,-172.0,0.023546566310951894,171
373,-490.0,0.023311100647842375,489
374,-203.0,0.02307798964136395,202
375,-2000.0,0.022847209744950314,1999
376,-156.0,0.02261873764750081,155
377,-2000.0,0.022392550271025803,1999
378,-1673.0,0.022168624768315544,1672
379,-173.0,0.02194693852063239,172
380,-1337.0,0.021727469135426065,1336
381,-1527.0,0.021510194444071803,1526
382,-2000.0,0.021295092499631085,1999
383,-138.0,0.021082141574634772,137
384,-656.0,0.020871320158888425,655
385,-223.0,0.020662606957299542,222
386,-425.0,0.020455980887726547,424
387,-974.0,0.02025142107884928,973
388,-193.0,0.020048906868060788,192
389,-809.0,0.01984841779938018,808
390,-247.0,0.019649933621386378,246
391,-1866.0,0.019453434285172513,1865
392,-289.0,0.019258899942320787,288
393,-277.0,0.01906631094289758,276
394,-161.0,0.018875647833468602,160
395,-991.0,0.018686891355133916,990
396,-624.0,0.018500022441582577,623
397,-1594.0,0.01831502221716675,1593
398,-450.0,0.018131871994995084,449
399,-228.0,0.017950553275045134,227
400,-1233.0,0.017771047742294682,1232
401,-1121.0,0.017593337264871736,1120
402,-267.0,0.01741740389222302,266
403,-791.0,0.01724322985330079,790
404,-1767.0,0.017070797554767782,1766
405,-208.0,0.016900089579220106,207
406,-1207.0,0.016731088683427906,1206
407,-833.0,0.016563777796593626,832
408,-847.0,0.016398140018627688,846
409,-552.0,0.01623415861844141,551
410,-368.0,0.016071817032256998,367
411,-636.0,0.01591109886193443,635
412,-377.0,0.015751987873315085,376
413,-461.0,0.015594467994581935,460
414,-693.0,0.015438523314636115,692
415,-123.0,0.015284138081489753,122
416,-891.0,0.015131296700674856,890
417,-916.0,0.014979983733668108,915
418,-375.0,0.014830183896331426,374
419,-673.0,0.014681882057368112,672
420,-2000.0,0.01453506323679443,1999
421,-388.0,0.014389712604426485,387
422,-1508.0,0.01424581547838222,1507
423,-1029.0,0.014103357323598397,1028
424,-1585.0,0.013962323750362413,1584
425,-1609.0,0.013822700512858789,1608
426,-458.0,0.0136844735077302,457
427,-756.0,0.013547628772652899,755
428,-1551.0,0.01341215248492637,1550
429,-424.0,0.013278030960077106,423
430,-1192.0,0.013145250650476335,1191
431,-378.0,0.01301379814397157,377
432,-171.0,0.012883660162531854,170
433,-163.0,0.012754823560906535,162
434,-447.0,0.01262727532529747,446
435,-697.0,0.012501002572044496,696
436,-308.0,0.01237599254632405,307
437,-444.0,0.01225223262086081,443
438,-243.0,0.012129710294652202,242
439,-557.0,0.01200841319170568,556
440,-1240.0,0.011888329059788623,1239
441,-603.0,0.011769445769190737,602
442,-586.0,0.01165175131149883,585
443,-2000.0,0.011535233798383842,1999
444,-436.0,0.011419881460400004,435
445,-517.0,0.011305682645796004,516
446,-182.0,0.011192625819338045,181
447,-336.0,0.011080699561144665,335
448,-596.0,0.010969892565533218,595
449,-1315.0,0.010860193639877886,1314
450,-422.0,0.010751591703479106,421
451,-562.0,0.010644075786444315,561
452,-300.0,0.010537635028579873,299
453,-609.0,0.010432258678294073,608
454,-461.0,0.010327936091511133,460
455,-910.0,0.010224656730596022,909
456,-1166.0,0.01012241016329006,1165
457,-624.0,0.01002118606165716,623
458,-751.0,0.01,750
459,-284.0,0.01,283
460,-681.0,0.01,680
461,-842.0,0.01,841
462,-1630.0,0.01,1629
463,-579.0,0.01,578
464,-814.0,0.01,813
465,-520.0,0.01,519
466,-456.0,0.01,455
467,-330.0,0.01,329
468,-699.0,0.01,698
469,-281.0,0.01,280
470,-167.0,0.01,166
471,-680.0,0.01,679
472,-517.0,0.01,516
473,-1233.0,0.01,1232
474,-2000.0,0.01,1999
475,-1589.0,0.01,1588
476,-161.0,0.01,160
477,-575.0,0.01,574
478,-230.0,0.01,229
479,-549.0,0.01,548
480,-1381.0,0.01,1380
481,-534.0,0.01,533
482,-608.0,0.01,607
483,-182.0,0.01,181
484,-835.0,0.01,834
485,-292.0,0.01,291
486,-217.0,0.01,216
487,-1982.0,0.01,1981
488,-347.0,0.01,346
489,-847.0,0.01,846
490,-721.0,0.01,720
491,-759.0,0.01,758
492,-490.0,0.01,489
493,-449.0,0.01,448
494,-216.0,0.01,215
495,-588.0,0.01,587
496,-400.0,0.01,399
497,-1052.0,0.01,1051
498,-1016.0,0.01,1015
499,-470.0,0.01,469
500,-604.0,0.01,603
501,-469.0,0.01,468
502,-263.0,0.01,262
503,-637.0,0.01,636
504,-721.0,0.01,720
505,-974.0,0.01,973
506,-404.0,0.01,403
507,-505.0,0.01,504
508,-727.0,0.01,726
509,-192.0,0.01,191
510,-332.0,0.01,331
511,-520.0,0.01,519
512,-1501.0,0.01,1500
513,-331.0,0.01,330
514,-371.0,0.01,370
515,-1151.0,0.01,1150
516,-1157.0,0.01,1156
517,-438.0,0.01,437
518,-815.0,0.01,814
519,-522.0,0.01,521
520,-194.0,0.01,193
521,-472.0,0.01,471
522,-407.0,0.01,406
523,-485.0,0.01,484
524,-733.0,0.01,732
525,-672.0,0.01,671
526,-309.0,0.01,308
527,-625.0,0.01,624
528,-1099.0,0.01,1098
529,-1147.0,0.01,1146
530,-665.0,0.01,664
531,-117.0,0.01,116
532,-559.0,0.01,558
533,-515.0,0.01,514
534,-807.0,0.01,806
535,-489.0,0.01,488
536,-204.0,0.01,203
537,-902.0,0.01,901
538,-2000.0,0.01,1999
539,-705.0,0.01,704
540,-126.0,0.01,125
541,-2000.0,0.01,1999
542,-626.0,0.01,625
543,-760.0,0.01,759
544,-711.0,0.01,710
545,-607.0,0.01,606
546,-2000.0,0.01,1999
547,-394.0,0.01,393
548,-1097.0,0.01,1096
549,-955.0,0.01,954
550,-593.0,0.01,592
551,-164.0,0.01,163
552,-138.0,0.01,137
553,-314.0,0.01,313
554,-721.0,0.01,720
555,-550.0,0.01,549
556,-278.0,0.01,277
557,-102.0,0.01,101
558,-299.0,0.01,298
559,-304.0,0.01,303
560,-843.0,0.01,842
561,-392.0,0.01,391
562,-572.0,0.01,571
563,-334.0,0.01,333
564,-180.0,0.01,179
565,-1158.0,0.01,1157
566,-291.0,0.01,290
567,-1069.0,0.01,1068
568,-1304.0,0.01,1303
569,-491.0,0.01,490
570,-1420.0,0.01,1419
571,-532.0,0.01,531
572,-269.0,0.01,268
573,-366.0,0.01,365
574,-584.0,0.01,583
575,-599.0,0.01,598
576,-435.0,0.01,434
577,-887.0,0.01,886
578,-211.0,0.01,210
579,-247.0,0.01,246
580,-1608.0,0.01,1607
581,-366.0,0.01,365
582,-414.0,0.01,413
583,-1590.0,0.01,1589
584,-192.0,0.01,191
585,-749.0,0.01,748
586,-182.0,0.01,181
587,-347.0,0.01,346
588,-828.0,0.01,827
589,-802.0,0.01,801
590,-306.0,0.01,305
591,-680.0,0.01,679
592,-552.0,0.01,551
593,-1029.0,0.01,1028
594,-1081.0,0.01,1080
595,-1313.0,0.01,1312
596,-356.0,0.01,355
597,-602.0,0.01,601
598,-529.0,0.01,528
599,-904.0,0.01,903
600,-524.0,0.01,523
601,-132.0,0.01,131
602,-837.0,0.01,836
603,-248.0,0.01,247
604,-196.0,0.01,195
605,-1584.0,0.01,1583
606,-363.0,0.01,362
607,-219.0,0.01,218
608,-508.0,0.01,507
609,-190.0,0.01,189
610,-180.0,0.01,179
611,-204.0,0.01,203
612,-226.0,0.01,225
613,-333.0,0.01,332
614,-280.0,0.01,279
615,-1151.0,0.01,1150
616,-432.0,0.01,431
617,-375.0,0.01,374
618,-624.0,0.01,623
619,-611.0,0.01,610
620,-336.0,0.01,335
621,-636.0,0.01,635
622,-421.0,0.01,420
623,-265.0,0.01,264
624,-1276.0,0.01,1275
625,-437.0,0.01,436
626,-1305.0,0.01,1304
627,-1524.0,0.01,1523
628,-2000.0,0.01,1999
629,-624.0,0.01,623
630,-130.0,0.01,129
631,-1417.0,0.01,1416
632,-299.0,0.01,298
633,-876.0,0.01,875
634,-374.0,0.01,373
635,-413.0,0.01,412
636,-388.0,0.01,387
637,-200.0,0.01,199
638,-192.0,0.01,191
639,-196.0,0.01,195
640,-235.0,0.01,234
641,-296.0,0.01,295
642,-226.0,0.01,225
643,-1049.0,0.01,1048
644,-371.0,0.01,370
645,-116.0,0.01,115
646,-925.0,0.01,924
647,-383.0,0.01,382
648,-199.0,0.01,198
649,-844.0,0.01,843
650,-1417.0,0.01,1416
651,-309.0,0.01,308
652,-1233.0,0.01,1232
653,-309.0,0.01,308
654,-1435.0,0.01,1434
655,-531.0,0.01,530
656,-935.0,0.01,934
657,-995.0,0.01,994
658,-804.0,0.01,803
659,-553.0,0.01,552
660,-339.0,0.01,338
661,-316.0,0.01,315
662,-748.0,0.01,747
663,-1440.0,0.01,1439
664,-229.0,0.01,228
665,-166.0,0.01,165
666,-695.0,0.01,694
667,-2000.0,0.01,1999
668,-950.0,0.01,949
669,-276.0,0.01,275
670,-427.0,0.01,426
671,-265.0,0.01,264
672,-486.0,0.01,485
673,-432.0,0.01,431
674,-982.0,0.01,981
675,-908.0,0.01,907
676,-598.0,0.01,597
677,-364.0,0.01,363
678,-1709.0,0.01,1708
679,-1072.0,0.01,1071
680,-1803.0,0.01,1802
681,-244.0,0.01,243
682,-1553.0,0.01,1552
683,-2000.0,0.01,1999
684,-689.0,0.01,688
685,-754.0,0.01,753
686,-1469.0,0.01,1468
687,-302.0,0.01,301
688,-2000.0,0.01,1999
689,-509.0,0.01,508
690,-901.0,0.01,900
691,-781.0,0.01,780
692,-2000.0,0.01,1999
693,-686.0,0.01,685
694,-1687.0,0.01,1686
695,-496.0,0.01,495
696,-1246.0,0.01,1245
697,-363.0,0.01,362
698,-812.0,0.01,811
699,-308.0,0.01,307
700,-433.0,0.01,432
701,-881.0,0.01,880
702,-193.0,0.01,192
703,-228.0,0.01,227
704,-252.0,0.01,251
705,-207.0,0.01,206
706,-290.0,0.01,289
707,-740.0,0.01,739
708,-174.0,0.01,173
709,-293.0,0.01,292
710,-267.0,0.01,266
711,-891.0,0.01,890
712,-199.0,0.01,198
713,-545.0,0.01,544
714,-384.0,0.01,383
715,-699.0,0.01,698
716,-819.0,0.01,818
717,-547.0,0.01,546
718,-181.0,0.01,180
719,-1135.0,0.01,1134
720,-663.0,0.01,662
721,-265.0,0.01,264
722,-587.0,0.01,586
723,-465.0,0.01,464
724,-408.0,0.01,407
725,-581.0,0.01,580
726,-319.0,0.01,318
727,-364.0,0.01,363
728,-583.0,0.01,582
729,-132.0,0.01,131
730,-531.0,0.01,530
731,-381.0,0.01,380
732,-284.0,0.01,283
733,-334.0,0.01,333
734,-675.0,0.01,674
735,-879.0,0.01,878
736,-431.0,0.01,430
737,-1185.0,0.01,1184
738,-786.0,0.01,785
739,-350.0,0.01,349
740,-392.0,0.01,391
741,-1452.0,0.01,1451
742,-277.0,0.01,276
743,-396.0,0.01,395
744,-443.0,0.01,442
745,-333.0,0.01,332
746,-512.0,0.01,511
747,-1039.0,0.01,1038
748,-423.0,0.01,422
749,-2000.0,0.01,1999
750,-412.0,0.01,411
751,-712.0,0.01,711
752,-541.0,0.01,540
753,-146.0,0.01,145
754,-532.0,0.01,531
755,-310.0,0.01,309
756,-972.0,0.01,971
757,-1912.0,0.01,1911
758,-639.0,0.01,638
759,-974.0,0.01,973
760,-481.0,0.01,480
761,-1687.0,0.01,1686
762,-136.0,0.01,135
763,-2000.0,0.01,1999
764,-2000.0,0.01,1999
765,-359.0,0.01,358
766,-1742.0,0.01,1741
767,-283.0,0.01,282
768,-2000.0,0.01,1999
769,-550.0,0.01,549
770,-266.0,0.01,265
771,-1276.0,0.01,1275
772,-629.0,0.01,628
773,-1619.0,0.01,1618
774,-1031.0,0.01,1030
775,-605.0,0.01,604
776,-172.0,0.01,171
777,-136.0,0.01,135
778,-928.0,0.01,927
779,-227.0,0.01,226
780,-554.0,0.01,553
781,-922.0,0.01,921
782,-311.0,0.01,310
783,-919.0,0.01,918
784,-377.0,0.01,376
785,-888.0,0.01,887
786,-430.0,0.01,429
787,-449.0,0.01,448
788,-297.0,0.01,296
789,-695.0,0.01,694
790,-606.0,0.01,605
791,-886.0,0.01,885
792,-282.0,0.01,281
793,-120.0,0.01,119
794,-492.0,0.01,491
795,-967.0,0.01,966
796,-480.0,0.01,479
797,-524.0,0.01,523
798,-481.0,0.01,480
799,-200.0,0.01,199
800,-221.0,0.01,220
801,-564.0,0.01,563
802,-175.0,0.01,174
803,-348.0,0.01,347
804,-266.0,0.01,265
805,-261.0,0.01,260
806,-442.0,0.01,441
807,-1016.0,0.01,1015
808,-204.0,0.01,203
809,-277.0,0.01,276
810,-698.0,0.01,697
811,-760.0,0.01,759
812,-813.0,0.01,812
813,-268.0,0.01,267
814,-645.0,0.01,644
815,-384.0,0.01,383
816,-470.0,0.01,469
817,-768.0,0.01,767
818,-188.0,0.01,187
819,-350.0,0.01,349
820,-705.0,0.01,704
821,-398.0,0.01,397
822,-238.0,0.01,237
823,-592.0,0.01,591
824,-236.0,0.01,235
825,-483.0,0.01,482
826,-310.0,0.01,309
827,-520.0,0.01,519
828,-684.0,0.01,683
829,-199.0,0.01,198
830,-206.0,0.01,205
831,-1349.0,0.01,1348
832,-857.0,0.01,856
833,-524.0,0.01,523
834,-201.0,0.01,200
835,-852.0,0.01,851
836,-250.0,0.01,249
837,-169.0,0.01,168
838,-531.0,0.01,530
839,-857.0,0.01,856
840,-209.0,0.01,208
841,-284.0,0.01,283
842,-336.0,0.01,335
843,-354.0,0.01,353
844,-242.0,0.01,241
845,-248.0,0.01,247
846,-278.0,0.01,277
847,-447.0,0.01,446
848,-630.0,0.01,629
849,-538.0,0.01,537
850,-534.0,0.01,533
851,-649.0,0.01,648
852,-494.0,0.01,493
853,-105.0,0.01,104
854,-377.0,0.01,376
855,-763.0,0.01,762
856,-565.0,0.01,564
857,-320.0,0.01,319
858,-121.0,0.01,120
859,-216.0,0.01,215
860,-253.0,0.01,252
861,-687.0,0.01,686
862,-399.0,0.01,398
863,-249.0,0.01,248
864,-237.0,0.01,236
865,-383.0,0.01,382
866,-684.0,0.01,683
867,-187.0,0.01,186
868,-411.0,0.01,410
869,-117.0,0.01,116
870,-141.0,0.01,140
871,-343.0,0.01,342
872,-361.0,0.01,360
873,-309.0,0.01,308
874,-224.0,0.01,223
875,-542.0,0.01,541
876,-447.0,0.01,446
877,-2000.0,0.01,1999
878,-802.0,0.01,801
879,-207.0,0.01,206
880,-383.0,0.01,382
881,-346.0,0.01,345
882,-957.0,0.01,956
883,-677.0,0.01,676
884,-139.0,0.01,138
885,-411.0,0.01,410
886,-445.0,0.01,444
887,-616.0,0.01,615
888,-152.0,0.01,151
889,-1056.0,0.01,1055
890,-295.0,0.01,294
891,-231.0,0.01,230
892,-515.0,0.01,514
893,-796.0,0.01,795
894,-133.0,0.01,132
895,-481.0,0.01,480
896,-286.0,0.01,285
897,-148.0,0.01,147
898,-267.0,0.01,266
899,-435.0,0.01,434
900,-339.0,0.01,338
901,-206.0,0.01,205
902,-782.0,0.01,781
903,-470.0,0.01,469
904,-513.0,0.01,512
905,-722.0,0.01,721
906,-386.0,0.01,385
907,-422.0,0.01,421
908,-490.0,0.01,489
909,-191.0,0.01,190
910,-207.0,0.01,206
911,-248.0,0.01,247
912,-251.0,0.01,250
913,-318.0,0.01,317
914,-262.0,0.01,261
915,-274.0,0.01,273
916,-161.0,0.01,160
917,-345.0,0.01,344
918,-333.0,0.01,332
919,-576.0,0.01,575
920,-256.0,0.01,255
921,-214.0,0.01,213
922,-417.0,0.01,416
923,-300.0,0.01,299
924,-329.0,0.01,328
925,-597.0,0.01,596
926,-302.0,0.01,301
927,-551.0,0.01,550
928,-276.0,0.01,275
929,-196.0,0.01,195
930,-524.0,0.01,523
931,-314.0,0.01,313
932,-376.0,0.01,375
933,-388.0,0.01,387
934,-124.0,0.01,123
935,-373.0,0.01,372
936,-183.0,0.01,182
937,-286.0,0.01,285
938,-389.0,0.01,388
939,-244.0,0.01,243
940,-382.0,0.01,381
941,-752.0,0.01,751
942,-257.0,0.01,256
943,-570.0,0.01,569
944,-197.0,0.01,196
945,-662.0,0.01,661
946,-300.0,0.01,299
947,-107.0,0.01,106
948,-333.0,0.01,332
949,-667.0,0.01,666
950,-628.0,0.01,627
951,-422.0,0.01,421
952,-235.0,0.01,234
953,-219.0,0.01,218
954,-622.0,0.01,621
955,-529.0,0.01,528
956,-718.0,0.01,717
957,-214.0,0.01,213
958,-554.0,0.01,553
959,-592.0,0.01,591
960,-299.0,0.01,298
961,-255.0,0.01,254
962,-353.0,0.01,352
963,-268.0,0.01,267
964,-802.0,0.01,801
965,-334.0,0.01,333
966,-793.0,0.01,792
967,-364.0,0.01,363
968,-616.0,0.01,615
969,-541.0,0.01,540
970,-2000.0,0.01,1999
971,-182.0,0.01,181
972,-214.0,0.01,213
973,-135.0,0.01,134
974,-478.0,0.01,477
975,-245.0,0.01,244
976,-1538.0,0.01,1537
977,-357.0,0.01,356
978,-841.0,0.01,840
979,-336.0,0.01,335
980,-213.0,0.01,212
981,-229.0,0.01,228
982,-2000.0,0.01,1999
983,-2000.0,0.01,1999
984,-978.0,0.01,977
985,-1167.0,0.01,1166
986,-1186.0,0.01,1185
987,-725.0,0.01,724
988,-313.0,0.01,312
989,-362.0,0.01,361
990,-791.0,0.01,790
991,-140.0,0.01,139
992,-541.0,0.01,540
993,-1521.0,0.01,1520
994,-135.0,0.01,134
995,-413.0,0.01,412
996,-117.0,0.01,116
997,-359.0,0.01,358
998,-916.0,0.01,915
999,-171.0,0.01,170
1000,-938.0,0.01,937
1001,-675.0,0.01,674
1002,-616.0,0.01,615
1003,-276.0,0.01,275
1004,-206.0,0.01,205
1005,-2000.0,0.01,1999
1006,-349.0,0.01,348
1007,-217.0,0.01,216
1008,-1181.0,0.01,1180
1009,-384.0,0.01,383
1010,-389.0,0.01,388
1011,-760.0,0.01,759
1012,-446.0,0.01,445
1013,-2000.0,0.01,1999
1014,-1198.0,0.01,1197
1015,-493.0,0.01,492
1016,-446.0,0.01,445
1017,-688.0,0.01,687
1018,-143.0,0.01,142
1019,-780.0,0.01,779
1020,-650.0,0.01,649
1021,-315.0,0.01,314
1022,-309.0,0.01,308
1023,-437.0,0.01,436
1024,-765.0,0.01,764
1025,-2000.0,0.01,1999
1026,-259.0,0.01,258
1027,-300.0,0.01,299
1028,-292.0,0.01,291
1029,-392.0,0.01,391
1030,-273.0,0.01,272
1031,-196.0,0.01,195
1032,-311.0,0.01,310
1033,-464.0,0.01,463
1034,-366.0,0.01,365
1035,-369.0,0.01,368
1036,-214.0,0.01,213
1037,-568.0,0.01,567
1038,-235.0,0.01,234
1039,-373.0,0.01,372
1040,-191.0,0.01,190
1041,-153.0,0.01,152
1042,-214.0,0.01,213
1043,-565.0,0.01,564
1044,-834.0,0.01,833
1045,-367.0,0.01,366
1046,-687.0,0.01,686
1047,-296.0,0.01,295
1048,-358.0,0.01,357
1049,-530.0,0.01,529
1050,-359.0,0.01,358
1051,-2000.0,0.01,1999
1052,-1397.0,0.01,1396
1053,-243.0,0.01,242
1054,-318.0,0.01,317
1055,-697.0,0.01,696
1056,-478.0,0.01,477
1057,-2000.0,0.01,1999
1058,-509.0,0.01,508
1059,-203.0,0.01,202
1060,-621.0,0.01,620
1061,-497.0,0.01,496
1062,-932.0,0.01,931
1063,-1416.0,0.01,1415
1064,-717.0,0.01,716
1065,-489.0,0.01,488
1066,-129.0,0.01,128
1067,-204.0,0.01,203
1068,-137.0,0.01,136
1069,-272.0,0.01,271
1070,-2000.0,0.01,1999
1071,-261.0,0.01,260
1072,-384.0,0.01,383
1073,-2000.0,0.01,1999
1074,-583.0,0.01,582
1075,-413.0,0.01,412
1076,-215.0,0.01,214
1077,-392.0,0.01,391
1078,-230.0,0.01,229
1079,-2000.0,0.01,1999
1080,-2000.0,0.01,1999
1081,-131.0,0.01,130
1082,-290.0,0.01,289
1083,-2000.0,0.01,1999
1084,-2000.0,0.01,1999
1085,-234.0,0.01,233
1086,-421.0,0.01,420
1087,-301.0,0.01,300
1088,-2000.0,0.01,1999
1089,-190.0,0.01,189
1090,-565.0,0.01,564
1091,-460.0,0.01,459
1092,-179.0,0.01,178
1093,-343.0,0.01,342
1094,-358.0,0.01,357
1095,-2000.0,0.01,1999
1096,-468.0,0.01,467
1097,-327.0,0.01,326
1098,-535.0,0.01,534
1099,-2000.0,0.01,1999
1100,-238.0,0.01,237
1101,-212.0,0.01,211
1102,-175.0,0.01,174
1103,-868.0,0.01,867
1104,-400.0,0.01,399
1105,-369.0,0.01,368
1106,-357.0,0.01,356
1107,-370.0,0.01,369
1108,-243.0,0.01,242
1109,-218.0,0.01,217
1110,-297.0,0.01,296
1111,-251.0,0.01,250
1112,-668.0,0.01,667
1113,-2000.0,0.01,1999
1114,-743.0,0.01,742
1115,-743.0,0.01,742
1116,-2000.0,0.01,1999
1117,-500.0,0.01,499
1118,-302.0,0.01,301
1119,-214.0,0.01,213
1120,-546.0,0.01,545
1121,-2000.0,0.01,1999
1122,-579.0,0.01,578
1123,-280.0,0.01,279
1124,-2000.0,0.01,1999
1125,-244.0,0.01,243
1126,-273.0,0.01,272
1127,-842.0,0.01,841
1128,-651.0,0.01,650
1129,-2000.0,0.01,1999
1130,-132.0,0.01,131
1131,-173.0,0.01,172
1132,-234.0,0.01,233
1133,-464.0,0.01,463
1134,-2000.0,0.01,1999
1135,-2000.0,0.01,1999
1136,-389.0,0.01,388
1137,-504.0,0.01,503
1138,-243.0,0.01,242
1139,-345.0,0.01,344
1140,-1517.0,0.01,1516
1141,-1100.0,0.01,1099
1142,-385.0,0.01,384
1143,-2000.0,0.01,1999
1144,-2000.0,0.01,1999
1145,-2000.0,0.01,1999
1146,-2000.0,0.01,1999
1147,-2000.0,0.01,1999
1148,-110.0,0.01,109
1149,-212.0,0.01,211
1150,-2000.0,0.01,1999
1151,-1416.0,0.01,1415
1152,-143.0,0.01,142
1153,-2000.0,0.01,1999
1154,-2000.0,0.01,1999
1155,-625.0,0.01,624
1156,-1853.0,0.01,1852
1157,-935.0,0.01,934
1158,-474.0,0.01,473
1159,-556.0,0.01,555
1160,-642.0,0.01,641
1161,-2000.0,0.01,1999
1162,-966.0,0.01,965
1163,-467.0,0.01,466
1164,-2000.0,0.01,1999
1165,-751.0,0.01,750
1166,-165.0,0.01,164
1167,-242.0,0.01,241
1168,-1009.0,0.01,1008
1169,-2000.0,0.01,1999
1170,-2000.0,0.01,1999
1171,-449.0,0.01,448
1172,-338.0,0.01,337
1173,-1346.0,0.01,1345
1174,-207.0,0.01,206
1175,-2000.0,0.01,1999
1176,-2000.0,0.01,1999
1177,-665.0,0.01,664
1178,-482.0,0.01,481
1179,-966.0,0.01,965
1180,-2000.0,0.01,1999
1181,-1874.0,0.01,1873
1182,-961.0,0.01,960
1183,-133.0,0.01,132
1184,-168.0,0.01,167
1185,-1731.0,0.01,1730
1186,-151.0,0.01,150
1187,-339.0,0.01,338
1188,-1945.0,0.01,1944
1189,-519.0,0.01,518
1190,-486.0,0.01,485
1191,-1443.0,0.01,1442
1192,-2000.0,0.01,1999
1193,-340.0,0.01,339
1194,-501.0,0.01,500
1195,-2000.0,0.01,1999
1196,-2000.0,0.01,1999
1197,-545.0,0.01,544
1198,-1016.0,0.01,1015
1199,-303.0,0.01,302
1200,-297.0,0.01,296
1201,-503.0,0.01,502
1202,-1520.0,0.01,1519
1203,-2000.0,0.01,1999
1204,-561.0,0.01,560
1205,-967.0,0.01,966
1206,-356.0,0.01,355
1207,-533.0,0.01,532
1208,-425.0,0.01,424
1209,-317.0,0.01,316
1210,-774.0,0.01,773
1211,-2000.0,0.01,1999
1212,-846.0,0.01,845
1213,-2000.0,0.01,1999
1214,-639.0,0.01,638
1215,-799.0,0.01,798
1216,-261.0,0.01,260
1217,-1383.0,0.01,1382
1218,-2000.0,0.01,1999
1219,-2000.0,0.01,1999
1220,-2000.0,0.01,1999
1221,-693.0,0.01,692
1222,-1652.0,0.01,1651
1223,-1127.0,0.01,1126
1224,-260.0,0.01,259
1225,-676.0,0.01,675
1226,-190.0,0.01,189
1227,-246.0,0.01,245
1228,-2000.0,0.01,1999
1229,-219.0,0.01,218
1230,-1442.0,0.01,1441
1231,-285.0,0.01,284
1232,-333.0,0.01,332
1233,-2000.0,0.01,1999
1234,-1513.0,0.01,1512
1235,-2000.0,0.01,1999
1236,-844.0,0.01,843
1237,-1978.0,0.01,1977
1238,-1297.0,0.01,1296
1239,-2000.0,0.01,1999
1240,-306.0,0.01,305
1241,-890.0,0.01,889
1242,-583.0,0.01,582
1243,-813.0,0.01,812
1244,-2000.0,0.01,1999
1245,-1207.0,0.01,1206
1246,-806.0,0.01,805
1247,-1359.0,0.01,1358
1248,-2000.0,0.01,1999
1249,-962.0,0.01,961
1250,-1432.0,0.01,1431
1251,-1511.0,0.01,1510
1252,-655.0,0.01,654
1253,-432.0,0.01,431
1254,-1805.0,0.01,1804
1255,-1059.0,0.01,1058
1256,-1087.0,0.01,1086
1257,-860.0,0.01,859
1258,-143.0,0.01,142
1259,-1558.0,0.01,1557
1260,-340.0,0.01,339
1261,-2000.0,0.01,1999
1262,-455.0,0.01,454
1263,-649.0,0.01,648
1264,-492.0,0.01,491
1265,-872.0,0.01,871
1266,-502.0,0.01,501
1267,-348.0,0.01,347
1268,-332.0,0.01,331
1269,-283.0,0.01,282
1270,-2000.0,0.01,1999
1271,-940.0,0.01,939
1272,-2000.0,0.01,1999
1273,-260.0,0.01,259
1274,-351.0,0.01,350
1275,-205.0,0.01,204
1276,-929.0,0.01,928
1277,-307.0,0.01,306
1278,-323.0,0.01,322
1279,-2000.0,0.01,1999
1280,-572.0,0.01,571
1281,-2000.0,0.01,1999
1282,-407.0,0.01,406
1283,-2000.0,0.01,1999
1284,-799.0,0.01,798
1285,-979.0,0.01,978
1286,-166.0,0.01,165
1287,-995.0,0.01,994
1288,-597.0,0.01,596
1289,-1574.0,0.01,1573
1290,-488.0,0.01,487
1291,-2000.0,0.01,1999
1292,-268.0,0.01,267
1293,-1096.0,0.01,1095
1294,-825.0,0.01,824
1295,-331.0,0.01,330
1296,-2000.0,0.01,1999
1297,-641.0,0.01,640
1298,-134.0,0.01,133
1299,-573.0,0.01,572
1300,-559.0,0.01,558
1301,-2000.0,0.01,1999
1302,-1669.0,0.01,1668
1303,-499.0,0.01,498
1304,-1043.0,0.01,1042
1305,-960.0,0.01,959
1306,-790.0,0.01,789
1307,-1711.0,0.01,1710
1308,-826.0,0.01,825
1309,-507.0,0.01,506
1310,-606.0,0.01,605
1311,-680.0,0.01,679
1312,-418.0,0.01,417
1313,-207.0,0.01,206
1314,-1714.0,0.01,1713
1315,-390.0,0.01,389
1316,-495.0,0.01,494
1317,-353.0,0.01,352
1318,-616.0,0.01,615
1319,-551.0,0.01,550
1320,-340.0,0.01,339
1321,-900.0,0.01,899
1322,-569.0,0.01,568
1323,-707.0,0.01,706
1324,-493.0,0.01,492
1325,-221.0,0.01,220
1326,-688.0,0.01,687
1327,-251.0,0.01,250
1328,-255.0,0.01,254
1329,-396.0,0.01,395
1330,-558.0,0.01,557
1331,-1092.0,0.01,1091
1332,-1168.0,0.01,1167
1333,-225.0,0.01,224
1334,-852.0,0.01,851
1335,-973.0,0.01,972
1336,-306.0,0.01,305
1337,-452.0,0.01,451
1338,-567.0,0.01,566
1339,-609.0,0.01,608
1340,-223.0,0.01,222
1341,-830.0,0.01,829
1342,-333.0,0.01,332
1343,-763.0,0.01,762
1344,-632.0,0.01,631
1345,-429.0,0.01,428
1346,-324.0,0.01,323
1347,-933.0,0.01,932
1348,-691.0,0.01,690
1349,-658.0,0.01,657
1350,-286.0,0.01,285
1351,-1405.0,0.01,1404
1352,-459.0,0.01,458
1353,-245.0,0.01,244
1354,-1507.0,0.01,1506
1355,-417.0,0.01,416
1356,-2000.0,0.01,1999
1357,-1823.0,0.01,1822
1358,-2000.0,0.01,1999
1359,-2000.0,0.01,1999
1360,-853.0,0.01,852
1361,-503.0,0.01,502
1362,-168.0,0.01,167
1363,-426.0,0.01,425
1364,-1662.0,0.01,1661
1365,-2000.0,0.01,1999
1366,-1434.0,0.01,1433
1367,-480.0,0.01,479
1368,-1570.0,0.01,1569
1369,-766.0,0.01,765
1370,-237.0,0.01,236
1371,-573.0,0.01,572
1372,-894.0,0.01,893
1373,-1551.0,0.01,1550
1374,-1491.0,0.01,1490
1375,-878.0,0.01,877
1376,-551.0,0.01,550
1377,-134.0,0.01,133
1378,-246.0,0.01,245
1379,-457.0,0.01,456
1380,-1921.0,0.01,1920
1381,-330.0,0.01,329
1382,-2000.0,0.01,1999
1383,-337.0,0.01,336
1384,-129.0,0.01,128
1385,-871.0,0.01,870
1386,-1652.0,0.01,1651
1387,-543.0,0.01,542
1388,-1704.0,0.01,1703
1389,-2000.0,0.01,1999
1390,-677.0,0.01,676
1391,-472.0,0.01,471
1392,-130.0,0.01,129
1393,-206.0,0.01,205
1394,-389.0,0.01,388
1395,-2000.0,0.01,1999
1396,-550.0,0.01,549
1397,-1646.0,0.01,1645
1398,-2000.0,0.01,1999
1399,-1421.0,0.01,1420
1400,-778.0,0.01,777
1401,-1147.0,0.01,1146
1402,-505.0,0.01,504
1403,-1571.0,0.01,1570
1404,-525.0,0.01,524
1405,-893.0,0.01,892
1406,-994.0,0.01,993
1407,-2000.0,0.01,1999
1408,-861.0,0.01,860
1409,-2000.0,0.01,1999
1410,-655.0,0.01,654
1411,-665.0,0.01,664
1412,-439.0,0.01,438
1413,-2000.0,0.01,1999
1414,-901.0,0.01,900
1415,-1080.0,0.01,1079
1416,-789.0,0.01,788
1417,-542.0,0.01,541
1418,-1836.0,0.01,1835
1419,-2000.0,0.01,1999
1420,-2000.0,0.01,1999
1421,-474.0,0.01,473
1422,-2000.0,0.01,1999
1423,-1743.0,0.01,1742
1424,-544.0,0.01,543
1425,-2000.0,0.01,1999
1426,-464.0,0.01,463
1427,-846.0,0.01,845
1428,-675.0,0.01,674
1429,-301.0,0.01,300
1430,-839.0,0.01,838
1431,-207.0,0.01,206
1432,-923.0,0.01,922
1433,-340.0,0.01,339
1434,-561.0,0.01,560
1435,-391.0,0.01,390
1436,-2000.0,0.01,1999
1437,-1389.0,0.01,1388
1438,-194.0,0.01,193
1439,-1910.0,0.01,1909
1440,-625.0,0.01,624
1441,-513.0,0.01,512
1442,-440.0,0.01,439
1443,-506.0,0.01,505
1444,-693.0,0.01,692
1445,-1063.0,0.01,1062
1446,-429.0,0.01,428
1447,-638.0,0.01,637
1448,-472.0,0.01,471
1449,-613.0,0.01,612
1450,-662.0,0.01,661
1451,-1803.0,0.01,1802
1452,-1448.0,0.01,1447
1453,-1618.0,0.01,1617
1454,-783.0,0.01,782
1455,-1643.0,0.01,1642
1456,-858.0,0.01,857
1457,-303.0,0.01,302
1458,-1112.0,0.01,1111
1459,-1770.0,0.01,1769
1460,-499.0,0.01,498
1461,-2000.0,0.01,1999
1462,-2000.0,0.01,1999
1463,-2000.0,0.01,1999
1464,-900.0,0.01,899
1465,-2000.0,0.01,1999
1466,-863.0,0.01,862
1467,-906.0,0.01,905
1468,-750.0,0.01,749
1469,-249.0,0.01,248
1470,-334.0,0.01,333
1471,-1167.0,0.01,1166
1472,-216.0,0.01,215
1473,-192.0,0.01,191
1474,-2000.0,0.01,1999
1475,-114.0,0.01,113
1476,-1221.0,0.01,1220
1477,-313.0,0.01,312
1478,-1876.0,0.01,1875
1479,-464.0,0.01,463
1480,-1003.0,0.01,1002
1481,-131.0,0.01,130
1482,-766.0,0.01,765
1483,-1053.0,0.01,1052
1484,-455.0,0.01,454
1485,-473.0,0.01,472
1486,-376.0,0.01,375
1487,-557.0,0.01,556
1488,-1599.0,0.01,1598
1489,-738.0,0.01,737
1490,-241.0,0.01,240
1491,-156.0,0.01,155
1492,-2000.0,0.01,1999
1493,-2000.0,0.01,1999
1494,-829.0,0.01,828
1495,-2000.0,0.01,1999
1496,-351.0,0.01,350
1497,-350.0,0.01,349
1498,-443.0,0.01,442
1499,-225.0,0.01,224
1500,-1264.0,0.01,1263
1501,-626.0,0.01,625
1502,-1864.0,0.01,1863
1503,-734.0,0.01,733
1504,-2000.0,0.01,1999
1505,-1544.0,0.01,1543
1506,-2000.0,0.01,1999
1507,-507.0,0.01,506
1508,-1015.0,0.01,1014
1509,-2000.0,0.01,1999
1510,-2000.0,0.01,1999
1511,-424.0,0.01,423
1512,-322.0,0.01,321
1513,-477.0,0.01,476
1514,-1866.0,0.01,1865
1515,-290.0,0.01,289
1516,-2000.0,0.01,1999
1517,-1119.0,0.01,1118
1518,-2000.0,0.01,1999
1519,-1572.0,0.01,1571
1520,-857.0,0.01,856
1521,-332.0,0.01,331
1522,-1461.0,0.01,1460
1523,-554.0,0.01,553
1524,-940.0,0.01,939
1525,-1051.0,0.01,1050
1526,-907.0,0.01,906
1527,-1603.0,0.01,1602
1528,-1473.0,0.01,1472
1529,-1523.0,0.01,1522
1530,-1947.0,0.01,1946
1531,-727.0,0.01,726
1532,-1918.0,0.01,1917
1533,-524.0,0.01,523
1534,-969.0,0.01,968
1535,-273.0,0.01,272
1536,-298.0,0.01,297
1537,-769.0,0.01,768
1538,-335.0,0.01,334
1539,-688.0,0.01,687
1540,-2000.0,0.01,1999
1541,-630.0,0.01,629
1542,-756.0,0.01,755
1543,-573.0,0.01,572
1544,-444.0,0.01,443
1545,-1344.0,0.01,1343
1546,-209.0,0.01,208
1547,-1209.0,0.01,1208
1548,-674.0,0.01,673
1549,-583.0,0.01,582
1550,-127.0,0.01,126
1551,-445.0,0.01,444
1552,-1348.0,0.01,1347
1553,-2000.0,0.01,1999
1554,-1062.0,0.01,1061
1555,-1024.0,0.01,1023
1556,-2000.0,0.01,1999
1557,-1324.0,0.01,1323
1558,-358.0,0.01,357
1559,-1717.0,0.01,1716
1560,-823.0,0.01,822
1561,-2000.0,0.01,1999
1562,-178.0,0.01,177
1563,-1861.0,0.01,1860
1564,-2000.0,0.01,1999
1565,-1026.0,0.01,1025
1566,-1507.0,0.01,1506
1567,-337.0,0.01,336
1568,-2000.0,0.01,1999
1569,-1424.0,0.01,1423
1570,-857.0,0.01,856
1571,-1613.0,0.01,1612
1572,-436.0,0.01,435
1573,-817.0,0.01,816
1574,-461.0,0.01,460
1575,-1317.0,0.01,1316
1576,-967.0,0.01,966
1577,-1484.0,0.01,1483
1578,-2000.0,0.01,1999
1579,-699.0,0.01,698
1580,-318.0,0.01,317
1581,-803.0,0.01,802
1582,-980.0,0.01,979
1583,-168.0,0.01,167
1584,-1574.0,0.01,1573
1585,-1716.0,0.01,1715
1586,-536.0,0.01,535
1587,-1148.0,0.01,1147
1588,-487.0,0.01,486
1589,-182.0,0.01,181
1590,-207.0,0.01,206
1591,-860.0,0.01,859
1592,-396.0,0.01,395
1593,-524.0,0.01,523
1594,-260.0,0.01,259
1595,-384.0,0.01,383
1596,-428.0,0.01,427
1597,-757.0,0.01,756
1598,-892.0,0.01,891
1599,-451.0,0.01,450
1600,-1508.0,0.01,1507
1601,-203.0,0.01,202
1602,-90.0,0.01,89
1603,-662.0,0.01,661
1604,-536.0,0.01,535
1605,-461.0,0.01,460
1606,-1213.0,0.01,1212
1607,-1281.0,0.01,1280
1608,-512.0,0.01,511
1609,-829.0,0.01,828
1610,-1455.0,0.01,1454
1611,-2000.0,0.01,1999
1612,-923.0,0.01,922
1613,-2000.0,0.01,1999
1614,-2000.0,0.01,1999
1615,-913.0,0.01,912
1616,-1612.0,0.01,1611
1617,-1632.0,0.01,1631
1618,-1502.0,0.01,1501
1619,-773.0,0.01,772
1620,-1417.0,0.01,1416
1621,-304.0,0.01,303
1622,-338.0,0.01,337
1623,-889.0,0.01,888
1624,-319.0,0.01,318
1625,-1102.0,0.01,1101
1626,-254.0,0.01,253
1627,-1085.0,0.01,1084
1628,-149.0,0.01,148
1629,-752.0,0.01,751
1630,-1291.0,0.01,1290
1631,-322.0,0.01,321
1632,-849.0,0.01,848
1633,-1425.0,0.01,1424
1634,-2000.0,0.01,1999
1635,-2000.0,0.01,1999
1636,-1625.0,0.01,1624
1637,-2000.0,0.01,1999
1638,-486.0,0.01,485
1639,-981.0,0.01,980
1640,-381.0,0.01,380
1641,-863.0,0.01,862
1642,-510.0,0.01,509
1643,-668.0,0.01,667
1644,-962.0,0.01,961
1645,-265.0,0.01,264
1646,-2000.0,0.01,1999
1647,-1025.0,0.01,1024
1648,-785.0,0.01,784
1649,-1329.0,0.01,1328
1650,-869.0,0.01,868
1651,-856.0,0.01,855
1652,-680.0,0.01,679
1653,-2000.0,0.01,1999
1654,-451.0,0.01,450
1655,-2000.0,0.01,1999
1656,-2000.0,0.01,1999
1657,-2000.0,0.01,1999
1658,-2000.0,0.01,1999
1659,-1017.0,0.01,1016
1660,-777.0,0.01,776
1661,-1069.0,0.01,1068
1662,-2000.0,0.01,1999
1663,-517.0,0.01,516
1664,-633.0,0.01,632
1665,-179.0,0.01,178
1666,-950.0,0.01,949
1667,-2000.0,0.01,1999
1668,-610.0,0.01,609
1669,-1527.0,0.01,1526
1670,-343.0,0.01,342
1671,-362.0,0.01,361
1672,-626.0,0.01,625
1673,-193.0,0.01,192
1674,-2000.0,0.01,1999
1675,-745.0,0.01,744
1676,-1750.0,0.01,1749
1677,-723.0,0.01,722
1678,-542.0,0.01,541
1679,-377.0,0.01,376
1680,-2000.0,0.01,1999
1681,-1302.0,0.01,1301
1682,-272.0,0.01,271
1683,-1563.0,0.01,1562
1684,-2000.0,0.01,1999
1685,-218.0,0.01,217
1686,-1275.0,0.01,1274
1687,-868.0,0.01,867
1688,-694.0,0.01,693
1689,-554.0,0.01,553
1690,-101.0,0.01,100
1691,-1228.0,0.01,1227
1692,-1108.0,0.01,1107
1693,-463.0,0.01,462
1694,-619.0,0.01,618
1695,-279.0,0.01,278
1696,-426.0,0.01,425
1697,-1073.0,0.01,1072
1698,-607.0,0.01,606
1699,-222.0,0.01,221
1700,-725.0,0.01,724
1701,-2000.0,0.01,1999
1702,-925.0,0.01,924
1703,-355.0,0.01,354
1704,-1692.0,0.01,1691
1705,-712.0,0.01,711
1706,-914.0,0.01,913
1707,-2000.0,0.01,1999
1708,-1322.0,0.01,1321
1709,-708.0,0.01,707
1710,-1389.0,0.01,1388
1711,-1315.0,0.01,1314
1712,-272.0,0.01,271
1713,-2000.0,0.01,1999
1714,-386.0,0.01,385
1715,-1334.0,0.01,1333
1716,-2000.0,0.01,1999
1717,-1921.0,0.01,1920
1718,-440.0,0.01,439
1719,-2000.0,0.01,1999
1720,-330.0,0.01,329
1721,-392.0,0.01,391
1722,-1154.0,0.01,1153
1723,-2000.0,0.01,1999
1724,-700.0,0.01,699
1725,-866.0,0.01,865
1726,-1435.0,0.01,1434
1727,-384.0,0.01,383
1728,-2000.0,0.01,1999
1729,-435.0,0.01,434
1730,-1344.0,0.01,1343
1731,-1452.0,0.01,1451
1732,-1593.0,0.01,1592
1733,-553.0,0.01,552
1734,-685.0,0.01,684
1735,-418.0,0.01,417
1736,-1748.0,0.01,1747
1737,-880.0,0.01,879
1738,-277.0,0.01,276
1739,-888.0,0.01,887
1740,-1152.0,0.01,1151
1741,-149.0,0.01,148
1742,-410.0,0.01,409
1743,-264.0,0.01,263
1744,-2000.0,0.01,1999
1745,-931.0,0.01,930
1746,-776.0,0.01,775
1747,-2000.0,0.01,1999
1748,-2000.0,0.01,1999
1749,-1994.0,0.01,1993
1750,-434.0,0.01,433
1751,-2000.0,0.01,1999
1752,-274.0,0.01,273
1753,-2000.0,0.01,1999
1754,-1977.0,0.01,1976
1755,-1713.0,0.01,1712
1756,-1957.0,0.01,1956
1757,-2000.0,0.01,1999
1758,-2000.0,0.01,1999
1759,-1037.0,0.01,1036
1760,-1279.0,0.01,1278
1761,-447.0,0.01,446
1762,-2000.0,0.01,1999
1763,-835.0,0.01,834
1764,-1259.0,0.01,1258
1765,-1735.0,0.01,1734
1766,-966.0,0.01,965
1767,-946.0,0.01,945
1768,-457.0,0.01,456
1769,-162.0,0.01,161
1770,-469.0,0.01,468
1771,-680.0,0.01,679
1772,-612.0,0.01,611
1773,-1253.0,0.01,1252
1774,-478.0,0.01,477
1775,-262.0,0.01,261
1776,-837.0,0.01,836
1777,-333.0,0.01,332
1778,-417.0,0.01,416
1779,-302.0,0.01,301
1780,-262.0,0.01,261
1781,-406.0,0.01,405
1782,-300.0,0.01,299
1783,-631.0,0.01,630
1784,-760.0,0.01,759
1785,-410.0,0.01,409
1786,-529.0,0.01,528
1787,-545.0,0.01,544
1788,-276.0,0.01,275
1789,-294.0,0.01,293
1790,-718.0,0.01,717
1791,-478.0,0.01,477
1792,-314.0,0.01,313
1793,-710.0,0.01,709
1794,-193.0,0.01,192
1795,-1008.0,0.01,1007
1796,-335.0,0.01,334
1797,-1071.0,0.01,1070
1798,-1179.0,0.01,1178
1799,-515.0,0.01,514
1800,-1213.0,0.01,1212
1801,-539.0,0.01,538
1802,-331.0,0.01,330
1803,-309.0,0.01,308
1804,-952.0,0.01,951
1805,-481.0,0.01,480
1806,-1012.0,0.01,1011
1807,-374.0,0.01,373
1808,-1784.0,0.01,1783
1809,-2000.0,0.01,1999
1810,-614.0,0.01,613
1811,-1030.0,0.01,1029
1812,-860.0,0.01,859
1813,-2000.0,0.01,1999
1814,-2000.0,0.01,1999
1815,-567.0,0.01,566
1816,-1622.0,0.01,1621
1817,-347.0,0.01,346
1818,-2000.0,0.01,1999
1819,-547.0,0.01,546
1820,-293.0,0.01,292
1821,-2000.0,0.01,1999
1822,-1197.0,0.01,1196
1823,-224.0,0.01,223
1824,-1327.0,0.01,1326
1825,-650.0,0.01,649
1826,-692.0,0.01,691
1827,-1356.0,0.01,1355
1828,-1481.0,0.01,1480
1829,-318.0,0.01,317
1830,-635.0,0.01,634
1831,-455.0,0.01,454
1832,-652.0,0.01,651
1833,-1844.0,0.01,1843
1834,-982.0,0.01,981
1835,-307.0,0.01,306
1836,-262.0,0.01,261
1837,-694.0,0.01,693
1838,-1483.0,0.01,1482
1839,-660.0,0.01,659
1840,-1542.0,0.01,1541
1841,-324.0,0.01,323
1842,-557.0,0.01,556
1843,-462.0,0.01,461
1844,-222.0,0.01,221
1845,-799.0,0.01,798
1846,-1592.0,0.01,1591
1847,-356.0,0.01,355
1848,-389.0,0.01,388
1849,-202.0,0.01,201
1850,-347.0,0.01,346
1851,-496.0,0.01,495
1852,-1091.0,0.01,1090
1853,-488.0,0.01,487
1854,-972.0,0.01,971
1855,-734.0,0.01,733
1856,-513.0,0.01,512
1857,-277.0,0.01,276
1858,-946.0,0.01,945
1859,-199.0,0.01,198
1860,-1024.0,0.01,1023
1861,-795.0,0.01,794
1862,-1205.0,0.01,1204
1863,-704.0,0.01,703
1864,-351.0,0.01,350
1865,-616.0,0.01,615
1866,-1047.0,0.01,1046
1867,-705.0,0.01,704
1868,-414.0,0.01,413
1869,-1483.0,0.01,1482
1870,-2000.0,0.01,1999
1871,-1156.0,0.01,1155
1872,-2000.0,0.01,1999
1873,-2000.0,0.01,1999
1874,-584.0,0.01,583
1875,-2000.0,0.01,1999
1876,-313.0,0.01,312
1877,-352.0,0.01,351
1878,-438.0,0.01,437
1879,-1092.0,0.01,1091
1880,-2000.0,0.01,1999
1881,-1690.0,0.01,1689
1882,-1084.0,0.01,1083
1883,-720.0,0.01,719
1884,-1585.0,0.01,1584
1885,-767.0,0.01,766
1886,-1115.0,0.01,1114
1887,-2000.0,0.01,1999
1888,-531.0,0.01,530
1889,-953.0,0.01,952
1890,-416.0,0.01,415
1891,-2000.0,0.01,1999
1892,-1144.0,0.01,1143
1893,-741.0,0.01,740
1894,-863.0,0.01,862
1895,-236.0,0.01,235
1896,-1692.0,0.01,1691
1897,-1234.0,0.01,1233
1898,-357.0,0.01,356
1899,-1485.0,0.01,1484
1900,-893.0,0.01,892
1901,-803.0,0.01,802
1902,-159.0,0.01,158
1903,-172.0,0.01,171
1904,-216.0,0.01,215
1905,-294.0,0.01,293
1906,-391.0,0.01,390
1907,-382.0,0.01,381
1908,-467.0,0.01,466
1909,-422.0,0.01,421
1910,-527.0,0.01,526
1911,-149.0,0.01,148
1912,-1003.0,0.01,1002
1913,-928.0,0.01,927
1914,-214.0,0.01,213
1915,-267.0,0.01,266
1916,-274.0,0.01,273
1917,-389.0,0.01,388
1918,-323.0,0.01,322
1919,-1007.0,0.01,1006
1920,-878.0,0.01,877
1921,-398.0,0.01,397
1922,-301.0,0.01,300
1923,-589.0,0.01,588
1924,-762.0,0.01,761
1925,-344.0,0.01,343
1926,-798.0,0.01,797
1927,-2000.0,0.01,1999
1928,-291.0,0.01,290
1929,-615.0,0.01,614
1930,-1863.0,0.01,1862
1931,-327.0,0.01,326
1932,-2000.0,0.01,1999
1933,-2000.0,0.01,1999
1934,-430.0,0.01,429
1935,-533.0,0.01,532
1936,-1620.0,0.01,1619
1937,-1587.0,0.01,1586
1938,-509.0,0.01,508
1939,-1654.0,0.01,1653
1940,-1093.0,0.01,1092
1941,-563.0,0.01,562
1942,-635.0,0.01,634
1943,-2000.0,0.01,1999
1944,-719.0,0.01,718
1945,-811.0,0.01,810
1946,-702.0,0.01,701
1947,-1362.0,0.01,1361
1948,-827.0,0.01,826
1949,-762.0,0.01,761
1950,-700.0,0.01,699
1951,-304.0,0.01,303
1952,-425.0,0.01,424
1953,-355.0,0.01,354
1954,-421.0,0.01,420
1955,-1628.0,0.01,1627
1956,-678.0,0.01,677
1957,-623.0,0.01,622
1958,-389.0,0.01,388
1959,-609.0,0.01,608
1960,-710.0,0.01,709
1961,-713.0,0.01,712
1962,-1643.0,0.01,1642
1963,-547.0,0.01,546
1964,-1055.0,0.01,1054
1965,-247.0,0.01,246
1966,-386.0,0.01,385
1967,-246.0,0.01,245
1968,-193.0,0.01,192
1969,-722.0,0.01,721
1970,-408.0,0.01,407
1971,-717.0,0.01,716
1972,-1420.0,0.01,1419
1973,-630.0,0.01,629
1974,-345.0,0.01,344
1975,-958.0,0.01,957
1976,-635.0,0.01,634
1977,-516.0,0.01,515
1978,-1043.0,0.01,1042
1979,-175.0,0.01,174
1980,-577.0,0.01,576
1981,-289.0,0.01,288
1982,-890.0,0.01,889
1983,-622.0,0.01,621
1984,-279.0,0.01,278
1985,-176.0,0.01,175
1986,-1263.0,0.01,1262
1987,-245.0,0.01,244
1988,-349.0,0.01,348
1989,-398.0,0.01,397
1990,-387.0,0.01,386
1991,-1848.0,0.01,1847
1992,-1065.0,0.01,1064
1993,-1037.0,0.01,1036
1994,-2000.0,0.01,1999
1995,-1432.0,0.01,1431
1996,-443.0,0.01,442
1997,-1391.0,0.01,1390
1998,-525.0,0.01,524
1999,-658.0,0.01,657
