episode,total_reward,epsilon,total_steps
0,-2000.0,0.99,1999
1,-2000.0,0.9801,1999
2,-2000.0,0.9702989999999999,1999
3,-2000.0,0.96059601,1999
4,-2000.0,0.9509900498999999,1999
5,-2000.0,0.9414801494009999,1999
6,-2000.0,0.9320653479069899,1999
7,-2000.0,0.92274469442792,1999
8,-1595.0,0.9135172474836407,1594
9,-2000.0,0.9043820750088043,1999
10,-2000.0,0.8953382542587163,1999
11,-2000.0,0.8863848717161291,1999
12,-2000.0,0.8775210229989678,1999
13,-2000.0,0.8687458127689781,1999
14,-2000.0,0.8600583546412883,1999
15,-2000.0,0.8514577710948754,1999
16,-2000.0,0.8429431933839266,1999
17,-2000.0,0.8345137614500874,1999
18,-2000.0,0.8261686238355865,1999
19,-2000.0,0.8179069375972307,1999
20,-2000.0,0.8097278682212583,1999
21,-2000.0,0.8016305895390458,1999
22,-2000.0,0.7936142836436553,1999
23,-2000.0,0.7856781408072188,1999
24,-2000.0,0.7778213593991465,1999
25,-2000.0,0.7700431458051551,1999
26,-2000.0,0.7623427143471035,1999
27,-2000.0,0.7547192872036325,1999
28,-2000.0,0.7471720943315961,1999
29,-2000.0,0.7397003733882802,1999
30,-2000.0,0.7323033696543974,1999
31,-2000.0,0.7249803359578534,1999
32,-2000.0,0.7177305325982748,1999
33,-2000.0,0.7105532272722921,1999
34,-2000.0,0.7034476949995692,1999
35,-2000.0,0.6964132180495735,1999
36,-2000.0,0.6894490858690777,1999
37,-2000.0,0.682554595010387,1999
38,-2000.0,0.6757290490602831,1999
39,-2000.0,0.6689717585696803,1999
40,-2000.0,0.6622820409839835,1999
41,-2000.0,0.6556592205741436,1999
42,-2000.0,0.6491026283684022,1999
43,-2000.0,0.6426116020847181,1999
44,-2000.0,0.6361854860638709,1999
45,-2000.0,0.6298236312032323,1999
46,-2000.0,0.6235253948912,1999
47,-2000.0,0.617290140942288,1999
48,-2000.0,0.6111172395328651,1999
49,-2000.0,0.6050060671375365,1999
50,-2000.0,0.5989560064661611,1999
51,-2000.0,0.5929664464014994,1999
52,-2000.0,0.5870367819374844,1999
53,-2000.0,0.5811664141181095,1999
54,-2000.0,0.5753547499769285,1999
55,-2000.0,0.5696012024771592,1999
56,-2000.0,0.5639051904523876,1999
57,-2000.0,0.5582661385478638,1999
58,-2000.0,0.5526834771623851,1999
59,-2000.0,0.5471566423907612,1999
60,-2000.0,0.5416850759668536,1999
61,-2000.0,0.536268225207185,1999
62,-2000.0,0.5309055429551132,1999
63,-2000.0,0.525596487525562,1999
64,-2000.0,0.5203405226503064,1999
65,-2000.0,0.5151371174238033,1999
66,-2000.0,0.5099857462495653,1999
67,-2000.0,0.5048858887870696,1999
68,-2000.0,0.4998370298991989,1999
69,-2000.0,0.49483865960020695,1999
70,-2000.0,0.4898902730042049,1999
71,-2000.0,0.48499137027416284,1999
72,-2000.0,0.4801414565714212,1999
73,-2000.0,0.475340042005707,1999
74,-2000.0,0.47058664158564995,1999
75,-2000.0,0.4658807751697934,1999
76,-2000.0,0.4612219674180955,1999
77,-2000.0,0.45660974774391455,1999
78,-2000.0,0.4520436502664754,1999
79,-2000.0,0.44752321376381066,1999
80,-2000.0,0.44304798162617254,1999
81,-2000.0,0.4386175018099108,1999
82,-2000.0,0.4342313267918117,1999
83,-2000.0,0.4298890135238936,1999
84,-2000.0,0.42559012338865465,1999
85,-2000.0,0.4213342221547681,1999
86,-2000.0,0.41712087993322045,1999
87,-2000.0,0.41294967113388825,1999
88,-2000.0,0.40882017442254937,1999
89,-2000.0,0.4047319726783239,1999
90,-2000.0,0.40068465295154065,1999
91,-2000.0,0.39667780642202527,1999
92,-2000.0,0.392711028357805,1999
93,-2000.0,0.38878391807422696,1999
94,-2000.0,0.3848960788934847,1999
95,-2000.0,0.38104711810454983,1999
96,-2000.0,0.37723664692350434,1999
97,-2000.0,0.37346428045426927,1999
98,-2000.0,0.36972963764972655,1999
99,-2000.0,0.36603234127322926,1999
100,-2000.0,0.36237201786049694,1999
101,-2000.0,0.358748297681892,1999
102,-2000.0,0.35516081470507305,1999
103,-2000.0,0.3516092065580223,1999
104,-2000.0,0.34809311449244207,1999
105,-2000.0,0.34461218334751764,1999
106,-2000.0,0.34116606151404244,1999
107,-2000.0,0.337754400898902,1999
108,-2000.0,0.334376856889913,1999
109,-2000.0,0.33103308832101386,1999
110,-2000.0,0.3277227574378037,1999
111,-2000.0,0.3244455298634257,1999
112,-2000.0,0.3212010745647914,1999
113,-2000.0,0.3179890638191435,1999
114,-2000.0,0.31480917318095203,1999
115,-2000.0,0.3116610814491425,1999
116,-2000.0,0.30854447063465107,1999
117,-2000.0,0.30545902592830454,1999
118,-2000.0,0.3024044356690215,1999
119,-2000.0,0.29938039131233124,1999
120,-2000.0,0.2963865873992079,1999
121,-2000.0,0.29342272152521587,1999
122,-2000.0,0.2904884943099637,1999
123,-2000.0,0.28758360936686406,1999
124,-2000.0,0.2847077732731954,1999
125,-2000.0,0.28186069554046345,1999
126,-2000.0,0.2790420885850588,1999
127,-2000.0,0.2762516676992082,1999
128,-2000.0,0.27348915102221616,1999
129,-2000.0,0.270754259511994,1999
130,-2000.0,0.26804671691687404,1999
131,-2000.0,0.2653662497477053,1999
132,-2000.0,0.2627125872502282,1999
133,-2000.0,0.2600854613777259,1999
134,-2000.0,0.2574846067639487,1999
135,-2000.0,0.2549097606963092,1999
136,-2000.0,0.2523606630893461,1999
137,-2000.0,0.24983705645845267,1999
138,-2000.0,0.24733868589386815,1999
139,-2000.0,0.24486529903492946,1999
140,-2000.0,0.24241664604458016,1999
141,-2000.0,0.23999247958413436,1999
142,-2000.0,0.23759255478829303,1999
143,-2000.0,0.2352166292404101,1999
144,-2000.0,0.232864462948006,1999
145,-2000.0,0.23053581831852593,1999
146,-2000.0,0.22823046013534068,1999
147,-2000.0,0.22594815553398728,1999
148,-2000.0,0.22368867397864742,1999
149,-2000.0,0.22145178723886094,1999
150,-2000.0,0.21923726936647234,1999
151,-2000.0,0.2170448966728076,1999
152,-2000.0,0.21487444770607952,1999
153,-2000.0,0.21272570322901874,1999
154,-2000.0,0.21059844619672854,1999
155,-2000.0,0.20849246173476127,1999
156,-2000.0,0.20640753711741366,1999
157,-2000.0,0.20434346174623952,1999
158,-2000.0,0.20230002712877712,1999
159,-2000.0,0.20027702685748935,1999
160,-2000.0,0.19827425658891445,1999
161,-2000.0,0.1962915140230253,1999
162,-2000.0,0.19432859888279505,1999
163,-2000.0,0.1923853128939671,1999
164,-2000.0,0.19046145976502743,1999
165,-2000.0,0.18855684516737714,1999
166,-2000.0,0.18667127671570335,1999
167,-2000.0,0.18480456394854633,1999
168,-2000.0,0.18295651830906087,1999
169,-2000.0,0.18112695312597027,1999
170,-2000.0,0.17931568359471056,1999
171,-2000.0,0.17752252675876345,1999
172,-2000.0,0.17574730149117582,1999
173,-2000.0,0.17398982847626407,1999
174,-2000.0,0.17224993019150142,1999
175,-2000.0,0.1705274308895864,1999
176,-2000.0,0.16882215658069055,1999
177,-2000.0,0.16713393501488363,1999
178,-2000.0,0.16546259566473479,1999
179,-2000.0,0.16380796970808745,1999
180,-2000.0,0.16216989001100657,1999
181,-2000.0,0.1605481911108965,1999
182,-2000.0,0.15894270919978754,1999
183,-2000.0,0.15735328210778965,1999
184,-2000.0,0.15577974928671176,1999
185,-2000.0,0.15422195179384465,1999
186,-2000.0,0.1526797322759062,1999
187,-2000.0,0.15115293495314713,1999
188,-2000.0,0.14964140560361566,1999
189,-2000.0,0.1481449915475795,1999
190,-2000.0,0.1466635416321037,1999
191,-2000.0,0.14519690621578268,1999
192,-2000.0,0.14374493715362485,1999
193,-2000.0,0.1423074877820886,1999
194,-2000.0,0.1408844129042677,1999
195,-2000.0,0.13947556877522502,1999
196,-2000.0,0.13808081308747278,1999
197,-2000.0,0.13670000495659804,1999
198,-2000.0,0.13533300490703207,1999
199,-2000.0,0.13397967485796175,1999
200,-2000.0,0.13263987810938213,1999
201,-2000.0,0.1313134793282883,1999
202,-2000.0,0.13000034453500542,1999
203,-2000.0,0.12870034108965536,1999
204,-795.0,0.12741333767875881,794
205,-2000.0,0.12613920430197123,1999
206,-2000.0,0.12487781225895152,1999
207,-1475.0,0.123629034136362,1474
208,-2000.0,0.12239274379499838,1999
209,-759.0,0.1211688163570484,758
210,-328.0,0.11995712819347792,327
211,-483.0,0.11875755691154315,482
212,-954.0,0.11756998134242772,953
213,-875.0,0.11639428152900344,874
214,-1069.0,0.11523033871371341,1068
215,-1490.0,0.11407803532657627,1489
216,-1390.0,0.11293725497331052,1389
217,-1352.0,0.1118078824235774,1351
218,-774.0,0.11068980359934164,773
219,-643.0,0.10958290556334822,642
220,-340.0,0.10848707650771475,339
221,-549.0,0.1074022057426376,548
222,-1055.0,0.10632818368521123,1054
223,-831.0,0.10526490184835911,830
224,-302.0,0.10421225282987552,301
225,-1762.0,0.10317013030157676,1761
226,-832.0,0.10213842899856099,831
227,-567.0,0.10111704470857538,566
228,-1342.0,0.10010587426148963,1341
229,-529.0,0.09910481551887473,528
230,-903.0,0.09811376736368599,902
231,-503.0,0.09713262969004913,502
232,-529.0,0.09616130339314863,528
233,-806.0,0.09519969035921715,805
234,-640.0,0.09424769345562498,639
235,-538.0,0.09330521652106873,537
236,-606.0,0.09237216435585804,605
237,-431.0,0.09144844271229946,430
238,-378.0,0.09053395828517646,377
239,-845.0,0.08962861870232469,844
240,-444.0,0.08873233251530144,443
241,-299.0,0.08784500919014843,298
242,-711.0,0.08696655909824694,710
243,-468.0,0.08609689350726446,467
244,-370.0,0.08523592457219181,369
245,-547.0,0.0843835653264699,546
246,-428.0,0.0835397296732052,427
247,-331.0,0.08270433237647315,330
248,-799.0,0.08187728905270841,798
249,-599.0,0.08105851616218133,598
250,-191.0,0.08024793100055952,190
251,-315.0,0.07944545169055392,314
252,-518.0,0.07865099717364837,517
253,-441.0,0.07786448720191189,440
254,-539.0,0.07708584232989277,538
255,-688.0,0.07631498390659384,687
256,-479.0,0.07555183406752791,478
257,-543.0,0.07479631572685264,542
258,-503.0,0.07404835256958411,502
259,-614.0,0.07330786904388827,613
260,-366.0,0.07257479035344938,365
261,-472.0,0.07184904244991488,471
262,-292.0,0.07113055202541574,291
263,-588.0,0.07041924650516158,587
264,-284.0,0.06971505404010997,283
265,-512.0,0.06901790349970886,511
266,-405.0,0.06832772446471178,404
267,-902.0,0.06764444722006466,901
268,-537.0,0.066968002747864,536
269,-520.0,0.06629832272038537,519
270,-415.0,0.06563533949318151,414
271,-514.0,0.06497898609824969,513
272,-347.0,0.0643291962372672,346
273,-359.0,0.06368590427489453,358
274,-363.0,0.06304904523214558,362
275,-467.0,0.06241855477982412,466
276,-330.0,0.06179436923202588,329
277,-544.0,0.06117642553970562,543
278,-376.0,0.06056466128430856,375
279,-514.0,0.05995901467146548,513
280,-531.0,0.05935942452475082,530
281,-495.0,0.058765830279503314,494
282,-424.0,0.05817817197670828,423
283,-403.0,0.057596390256941195,402
284,-536.0,0.05702042635437178,535
285,-460.0,0.05645022209082806,459
286,-591.0,0.05588571986991978,590
287,-366.0,0.055326862671220584,365
288,-262.0,0.05477359404450838,261
289,-423.0,0.054225858104063294,422
290,-485.0,0.05368359952302266,484
291,-1151.0,0.053146763527792434,1150
292,-275.0,0.052615295892514506,274
293,-380.0,0.052089142933589364,379
294,-690.0,0.05156825150425347,689
295,-563.0,0.051052568989210935,562
296,-1212.0,0.05054204329931883,1211
297,-817.0,0.05003662286632564,816
298,-369.0,0.04953625663766238,368
299,-451.0,0.04904089407128576,450
300,-1350.0,0.0485504851305729,1349
301,-718.0,0.048064980279267165,717
302,-794.0,0.04758433047647449,793
303,-535.0,0.04710848717170975,534
304,-309.0,0.04663740229999265,308
305,-1135.0,0.04617102827699272,1134
306,-1318.0,0.045709317994222794,1317
307,-356.0,0.04525222481428057,355
308,-946.0,0.04479970256613776,945
309,-1975.0,0.04435170554047638,1974
310,-1086.0,0.043908188485071616,1085
311,-1572.0,0.0434691066002209,1571
312,-793.0,0.04303441553421869,792
313,-789.0,0.0426040713788765,788
314,-736.0,0.04217803066508773,735
315,-2000.0,0.04175625035843686,1999
316,-663.0,0.041338687854852486,662
317,-2000.0,0.04092530097630396,1999
318,-570.0,0.040516047966540916,569
319,-703.0,0.04011088748687551,702
320,-423.0,0.03970977861200675,422
321,-1219.0,0.03931268082588668,1218
322,-260.0,0.03891955401762781,259
323,-1182.0,0.03853035847745153,1181
324,-680.0,0.03814505489267701,679
325,-526.0,0.03776360434375024,525
326,-1181.0,0.03738596830031274,1180
327,-919.0,0.03701210861730961,918
328,-1438.0,0.03664198753113651,1437
329,-885.0,0.036275567655825146,884
330,-814.0,0.03591281197926689,813
331,-340.0,0.035553683859474224,339
332,-1673.0,0.03519814702087948,1672
333,-1224.0,0.03484616555067068,1223
334,-1282.0,0.034497703895163975,1281
335,-1423.0,0.03415272685621234,1422
336,-319.0,0.03381119958765021,318
337,-717.0,0.03347308759177371,716
338,-380.0,0.03313835671585597,379
339,-1884.0,0.03280697314869741,1883
340,-538.0,0.032478903417210436,537
341,-556.0,0.032154114383038335,555
342,-978.0,0.03183257323920795,977
343,-353.0,0.03151424750681587,352
344,-2000.0,0.03119910503174771,1999
345,-808.0,0.030887113981430233,807
346,-1791.0,0.03057824284161593,1790
347,-2000.0,0.03027246041319977,1999
348,-2000.0,0.029969735809067772,1999
349,-2000.0,0.029670038450977095,1999
350,-1480.0,0.029373338066467324,1479
351,-899.0,0.02907960468580265,898
352,-2000.0,0.028788808638944622,1999
353,-2000.0,0.028500920552555174,1999
354,-2000.0,0.028215911347029624,1999
355,-1054.0,0.027933752233559327,1053
356,-1645.0,0.027654414711223735,1644
357,-1763.0,0.027377870564111496,1762
358,-2000.0,0.027104091858470382,1999
359,-954.0,0.026833050939885677,953
360,-1827.0,0.02656472043048682,1826
361,-1644.0,0.02629907322618195,1643
362,-568.0,0.026036082493920133,567
363,-1103.0,0.02577572166898093,1102
364,-788.0,0.025517964452291122,787
365,-598.0,0.02526278480776821,597
366,-483.0,0.025010156959690527,482
367,-1510.0,0.02476005539009362,1509
368,-1030.0,0.024512454836192684,1029
369,-503.0,0.024267330287830756,502
370,-1238.0,0.024024656984952448,1237
371,-409.0,0.023784410415102923,408
372,-154.0,0.023546566310951894,153
373,-462.0,0.023311100647842375,461
374,-1054.0,0.02307798964136395,1053
375,-548.0,0.022847209744950314,547
376,-355.0,0.02261873764750081,354
377,-259.0,0.022392550271025803,258
378,-744.0,0.022168624768315544,743
379,-567.0,0.02194693852063239,566
380,-518.0,0.021727469135426065,517
381,-422.0,0.021510194444071803,421
382,-214.0,0.021295092499631085,213
383,-517.0,0.021082141574634772,516
384,-2000.0,0.020871320158888425,1999
385,-310.0,0.020662606957299542,309
386,-746.0,0.020455980887726547,745
387,-292.0,0.02025142107884928,291
388,-209.0,0.020048906868060788,208
389,-724.0,0.01984841779938018,723
390,-545.0,0.019649933621386378,544
391,-358.0,0.019453434285172513,357
392,-659.0,0.019258899942320787,658
393,-567.0,0.01906631094289758,566
394,-903.0,0.018875647833468602,902
395,-382.0,0.018686891355133916,381
396,-511.0,0.018500022441582577,510
397,-208.0,0.01831502221716675,207
398,-339.0,0.018131871994995084,338
399,-363.0,0.017950553275045134,362
400,-283.0,0.017771047742294682,282
401,-345.0,0.017593337264871736,344
402,-259.0,0.01741740389222302,258
403,-399.0,0.01724322985330079,398
404,-200.0,0.017070797554767782,199
405,-366.0,0.016900089579220106,365
406,-480.0,0.016731088683427906,479
407,-597.0,0.016563777796593626,596
408,-252.0,0.016398140018627688,251
409,-368.0,0.01623415861844141,367
410,-258.0,0.016071817032256998,257
411,-324.0,0.01591109886193443,323
412,-302.0,0.015751987873315085,301
413,-329.0,0.015594467994581935,328
414,-736.0,0.015438523314636115,735
415,-257.0,0.015284138081489753,256
416,-306.0,0.015131296700674856,305
417,-445.0,0.014979983733668108,444
418,-394.0,0.014830183896331426,393
419,-448.0,0.014681882057368112,447
420,-462.0,0.01453506323679443,461
421,-277.0,0.014389712604426485,276
422,-354.0,0.01424581547838222,353
423,-377.0,0.014103357323598397,376
424,-459.0,0.013962323750362413,458
425,-207.0,0.013822700512858789,206
426,-308.0,0.0136844735077302,307
427,-259.0,0.013547628772652899,258
428,-247.0,0.01341215248492637,246
429,-139.0,0.013278030960077106,138
430,-208.0,0.013145250650476335,207
431,-223.0,0.01301379814397157,222
432,-257.0,0.012883660162531854,256
433,-202.0,0.012754823560906535,201
434,-437.0,0.01262727532529747,436
435,-435.0,0.012501002572044496,434
436,-180.0,0.01237599254632405,179
437,-312.0,0.01225223262086081,311
438,-346.0,0.012129710294652202,345
439,-241.0,0.01200841319170568,240
440,-244.0,0.011888329059788623,243
441,-229.0,0.011769445769190737,228
442,-295.0,0.01165175131149883,294
443,-440.0,0.011535233798383842,439
444,-393.0,0.011419881460400004,392
445,-275.0,0.011305682645796004,274
446,-293.0,0.011192625819338045,292
447,-171.0,0.011080699561144665,170
448,-227.0,0.010969892565533218,226
449,-189.0,0.010860193639877886,188
450,-312.0,0.010751591703479106,311
451,-422.0,0.010644075786444315,421
452,-281.0,0.010537635028579873,280
453,-163.0,0.010432258678294073,162
454,-390.0,0.010327936091511133,389
455,-265.0,0.010224656730596022,264
456,-661.0,0.01012241016329006,660
457,-370.0,0.01002118606165716,369
458,-256.0,0.01,255
459,-277.0,0.01,276
460,-254.0,0.01,253
461,-270.0,0.01,269
462,-320.0,0.01,319
463,-227.0,0.01,226
464,-404.0,0.01,403
465,-210.0,0.01,209
466,-308.0,0.01,307
467,-243.0,0.01,242
468,-288.0,0.01,287
469,-298.0,0.01,297
470,-259.0,0.01,258
471,-391.0,0.01,390
472,-235.0,0.01,234
473,-288.0,0.01,287
474,-356.0,0.01,355
475,-331.0,0.01,330
476,-241.0,0.01,240
477,-252.0,0.01,251
478,-240.0,0.01,239
479,-193.0,0.01,192
480,-299.0,0.01,298
481,-175.0,0.01,174
482,-381.0,0.01,380
483,-307.0,0.01,306
484,-487.0,0.01,486
485,-166.0,0.01,165
486,-483.0,0.01,482
487,-244.0,0.01,243
488,-272.0,0.01,271
489,-308.0,0.01,307
490,-274.0,0.01,273
491,-139.0,0.01,138
492,-151.0,0.01,150
493,-253.0,0.01,252
494,-213.0,0.01,212
495,-207.0,0.01,206
496,-259.0,0.01,258
497,-401.0,0.01,400
498,-173.0,0.01,172
499,-224.0,0.01,223
500,-216.0,0.01,215
501,-406.0,0.01,405
502,-181.0,0.01,180
503,-206.0,0.01,205
504,-173.0,0.01,172
505,-324.0,0.01,323
506,-170.0,0.01,169
507,-193.0,0.01,192
508,-165.0,0.01,164
509,-253.0,0.01,252
510,-214.0,0.01,213
511,-272.0,0.01,271
512,-259.0,0.01,258
513,-217.0,0.01,216
514,-146.0,0.01,145
515,-331.0,0.01,330
516,-152.0,0.01,151
517,-407.0,0.01,406
518,-239.0,0.01,238
519,-170.0,0.01,169
520,-254.0,0.01,253
521,-217.0,0.01,216
522,-277.0,0.01,276
523,-151.0,0.01,150
524,-333.0,0.01,332
525,-376.0,0.01,375
526,-213.0,0.01,212
527,-218.0,0.01,217
528,-442.0,0.01,441
529,-151.0,0.01,150
530,-226.0,0.01,225
531,-194.0,0.01,193
532,-265.0,0.01,264
533,-210.0,0.01,209
534,-211.0,0.01,210
535,-188.0,0.01,187
536,-209.0,0.01,208
537,-426.0,0.01,425
538,-274.0,0.01,273
539,-285.0,0.01,284
540,-172.0,0.01,171
541,-285.0,0.01,284
542,-229.0,0.01,228
543,-227.0,0.01,226
544,-262.0,0.01,261
545,-216.0,0.01,215
546,-216.0,0.01,215
547,-236.0,0.01,235
548,-227.0,0.01,226
549,-271.0,0.01,270
550,-123.0,0.01,122
551,-165.0,0.01,164
552,-155.0,0.01,154
553,-147.0,0.01,146
554,-152.0,0.01,151
555,-263.0,0.01,262
556,-323.0,0.01,322
557,-269.0,0.01,268
558,-279.0,0.01,278
559,-148.0,0.01,147
560,-220.0,0.01,219
561,-197.0,0.01,196
562,-181.0,0.01,180
563,-260.0,0.01,259
564,-220.0,0.01,219
565,-166.0,0.01,165
566,-230.0,0.01,229
567,-196.0,0.01,195
568,-171.0,0.01,170
569,-184.0,0.01,183
570,-194.0,0.01,193
571,-191.0,0.01,190
572,-166.0,0.01,165
573,-260.0,0.01,259
574,-167.0,0.01,166
575,-207.0,0.01,206
576,-211.0,0.01,210
577,-167.0,0.01,166
578,-183.0,0.01,182
579,-222.0,0.01,221
580,-238.0,0.01,237
581,-233.0,0.01,232
582,-188.0,0.01,187
583,-298.0,0.01,297
584,-145.0,0.01,144
585,-189.0,0.01,188
586,-275.0,0.01,274
587,-274.0,0.01,273
588,-159.0,0.01,158
589,-185.0,0.01,184
590,-250.0,0.01,249
591,-161.0,0.01,160
592,-183.0,0.01,182
593,-225.0,0.01,224
594,-244.0,0.01,243
595,-191.0,0.01,190
596,-184.0,0.01,183
597,-227.0,0.01,226
598,-157.0,0.01,156
599,-153.0,0.01,152
600,-347.0,0.01,346
601,-213.0,0.01,212
602,-261.0,0.01,260
603,-236.0,0.01,235
604,-378.0,0.01,377
605,-419.0,0.01,418
606,-166.0,0.01,165
607,-201.0,0.01,200
608,-108.0,0.01,107
609,-177.0,0.01,176
610,-160.0,0.01,159
611,-156.0,0.01,155
612,-173.0,0.01,172
613,-250.0,0.01,249
614,-233.0,0.01,232
615,-384.0,0.01,383
616,-159.0,0.01,158
617,-304.0,0.01,303
618,-239.0,0.01,238
619,-155.0,0.01,154
620,-188.0,0.01,187
621,-156.0,0.01,155
622,-232.0,0.01,231
623,-287.0,0.01,286
624,-312.0,0.01,311
625,-215.0,0.01,214
626,-148.0,0.01,147
627,-194.0,0.01,193
628,-170.0,0.01,169
629,-196.0,0.01,195
630,-258.0,0.01,257
631,-238.0,0.01,237
632,-275.0,0.01,274
633,-403.0,0.01,402
634,-447.0,0.01,446
635,-237.0,0.01,236
636,-210.0,0.01,209
637,-196.0,0.01,195
638,-118.0,0.01,117
639,-163.0,0.01,162
640,-260.0,0.01,259
641,-151.0,0.01,150
642,-257.0,0.01,256
643,-238.0,0.01,237
644,-170.0,0.01,169
645,-190.0,0.01,189
646,-163.0,0.01,162
647,-323.0,0.01,322
648,-166.0,0.01,165
649,-364.0,0.01,363
650,-225.0,0.01,224
651,-186.0,0.01,185
652,-174.0,0.01,173
653,-165.0,0.01,164
654,-199.0,0.01,198
655,-291.0,0.01,290
656,-267.0,0.01,266
657,-163.0,0.01,162
658,-244.0,0.01,243
659,-186.0,0.01,185
660,-214.0,0.01,213
661,-161.0,0.01,160
662,-151.0,0.01,150
663,-152.0,0.01,151
664,-301.0,0.01,300
665,-178.0,0.01,177
666,-332.0,0.01,331
667,-190.0,0.01,189
668,-157.0,0.01,156
669,-201.0,0.01,200
670,-342.0,0.01,341
671,-156.0,0.01,155
672,-169.0,0.01,168
673,-229.0,0.01,228
674,-224.0,0.01,223
675,-215.0,0.01,214
676,-154.0,0.01,153
677,-265.0,0.01,264
678,-167.0,0.01,166
679,-214.0,0.01,213
680,-150.0,0.01,149
681,-236.0,0.01,235
682,-240.0,0.01,239
683,-195.0,0.01,194
684,-296.0,0.01,295
685,-164.0,0.01,163
686,-181.0,0.01,180
687,-152.0,0.01,151
688,-356.0,0.01,355
689,-165.0,0.01,164
690,-152.0,0.01,151
691,-158.0,0.01,157
692,-171.0,0.01,170
693,-223.0,0.01,222
694,-189.0,0.01,188
695,-236.0,0.01,235
696,-209.0,0.01,208
697,-192.0,0.01,191
698,-190.0,0.01,189
699,-149.0,0.01,148
700,-315.0,0.01,314
701,-171.0,0.01,170
702,-182.0,0.01,181
703,-221.0,0.01,220
704,-278.0,0.01,277
705,-137.0,0.01,136
706,-162.0,0.01,161
707,-238.0,0.01,237
708,-247.0,0.01,246
709,-158.0,0.01,157
710,-242.0,0.01,241
711,-203.0,0.01,202
712,-113.0,0.01,112
713,-268.0,0.01,267
714,-344.0,0.01,343
715,-345.0,0.01,344
716,-218.0,0.01,217
717,-213.0,0.01,212
718,-152.0,0.01,151
719,-293.0,0.01,292
720,-216.0,0.01,215
721,-248.0,0.01,247
722,-253.0,0.01,252
723,-216.0,0.01,215
724,-278.0,0.01,277
725,-179.0,0.01,178
726,-179.0,0.01,178
727,-289.0,0.01,288
728,-327.0,0.01,326
729,-212.0,0.01,211
730,-162.0,0.01,161
731,-299.0,0.01,298
732,-233.0,0.01,232
733,-184.0,0.01,183
734,-154.0,0.01,153
735,-240.0,0.01,239
736,-165.0,0.01,164
737,-193.0,0.01,192
738,-154.0,0.01,153
739,-385.0,0.01,384
740,-156.0,0.01,155
741,-306.0,0.01,305
742,-239.0,0.01,238
743,-235.0,0.01,234
744,-151.0,0.01,150
745,-389.0,0.01,388
746,-245.0,0.01,244
747,-260.0,0.01,259
748,-220.0,0.01,219
749,-245.0,0.01,244
750,-282.0,0.01,281
751,-232.0,0.01,231
752,-216.0,0.01,215
753,-217.0,0.01,216
754,-161.0,0.01,160
755,-207.0,0.01,206
756,-373.0,0.01,372
757,-163.0,0.01,162
758,-252.0,0.01,251
759,-158.0,0.01,157
760,-158.0,0.01,157
761,-217.0,0.01,216
762,-220.0,0.01,219
763,-224.0,0.01,223
764,-242.0,0.01,241
765,-293.0,0.01,292
766,-239.0,0.01,238
767,-191.0,0.01,190
768,-167.0,0.01,166
769,-173.0,0.01,172
770,-256.0,0.01,255
771,-160.0,0.01,159
772,-237.0,0.01,236
773,-230.0,0.01,229
774,-229.0,0.01,228
775,-319.0,0.01,318
776,-152.0,0.01,151
777,-232.0,0.01,231
778,-284.0,0.01,283
779,-167.0,0.01,166
780,-215.0,0.01,214
781,-237.0,0.01,236
782,-366.0,0.01,365
783,-296.0,0.01,295
784,-219.0,0.01,218
785,-231.0,0.01,230
786,-164.0,0.01,163
787,-157.0,0.01,156
788,-230.0,0.01,229
789,-151.0,0.01,150
790,-279.0,0.01,278
791,-298.0,0.01,297
792,-238.0,0.01,237
793,-219.0,0.01,218
794,-160.0,0.01,159
795,-232.0,0.01,231
796,-212.0,0.01,211
797,-152.0,0.01,151
798,-266.0,0.01,265
799,-152.0,0.01,151
800,-182.0,0.01,181
801,-227.0,0.01,226
802,-245.0,0.01,244
803,-226.0,0.01,225
804,-201.0,0.01,200
805,-332.0,0.01,331
806,-386.0,0.01,385
807,-231.0,0.01,230
808,-153.0,0.01,152
809,-310.0,0.01,309
810,-229.0,0.01,228
811,-195.0,0.01,194
812,-148.0,0.01,147
813,-272.0,0.01,271
814,-256.0,0.01,255
815,-174.0,0.01,173
816,-182.0,0.01,181
817,-414.0,0.01,413
818,-147.0,0.01,146
819,-210.0,0.01,209
820,-156.0,0.01,155
821,-247.0,0.01,246
822,-291.0,0.01,290
823,-182.0,0.01,181
824,-235.0,0.01,234
825,-163.0,0.01,162
826,-143.0,0.01,142
827,-275.0,0.01,274
828,-154.0,0.01,153
829,-140.0,0.01,139
830,-457.0,0.01,456
831,-311.0,0.01,310
832,-148.0,0.01,147
833,-225.0,0.01,224
834,-314.0,0.01,313
835,-242.0,0.01,241
836,-277.0,0.01,276
837,-163.0,0.01,162
838,-161.0,0.01,160
839,-269.0,0.01,268
840,-159.0,0.01,158
841,-195.0,0.01,194
842,-164.0,0.01,163
843,-313.0,0.01,312
844,-346.0,0.01,345
845,-271.0,0.01,270
846,-292.0,0.01,291
847,-180.0,0.01,179
848,-567.0,0.01,566
849,-156.0,0.01,155
850,-205.0,0.01,204
851,-392.0,0.01,391
852,-322.0,0.01,321
853,-170.0,0.01,169
854,-514.0,0.01,513
855,-225.0,0.01,224
856,-178.0,0.01,177
857,-307.0,0.01,306
858,-216.0,0.01,215
859,-260.0,0.01,259
860,-176.0,0.01,175
861,-168.0,0.01,167
862,-381.0,0.01,380
863,-192.0,0.01,191
864,-245.0,0.01,244
865,-308.0,0.01,307
866,-249.0,0.01,248
867,-271.0,0.01,270
868,-243.0,0.01,242
869,-418.0,0.01,417
870,-147.0,0.01,146
871,-303.0,0.01,302
872,-333.0,0.01,332
873,-318.0,0.01,317
874,-292.0,0.01,291
875,-166.0,0.01,165
876,-229.0,0.01,228
877,-275.0,0.01,274
878,-207.0,0.01,206
879,-229.0,0.01,228
880,-322.0,0.01,321
881,-349.0,0.01,348
882,-293.0,0.01,292
883,-164.0,0.01,163
884,-259.0,0.01,258
885,-211.0,0.01,210
886,-538.0,0.01,537
887,-182.0,0.01,181
888,-338.0,0.01,337
889,-177.0,0.01,176
890,-276.0,0.01,275
891,-240.0,0.01,239
892,-394.0,0.01,393
893,-311.0,0.01,310
894,-311.0,0.01,310
895,-241.0,0.01,240
896,-151.0,0.01,150
897,-179.0,0.01,178
898,-245.0,0.01,244
899,-217.0,0.01,216
900,-222.0,0.01,221
901,-250.0,0.01,249
902,-438.0,0.01,437
903,-937.0,0.01,936
904,-270.0,0.01,269
905,-296.0,0.01,295
906,-322.0,0.01,321
907,-227.0,0.01,226
908,-321.0,0.01,320
909,-386.0,0.01,385
910,-115.0,0.01,114
911,-216.0,0.01,215
912,-420.0,0.01,419
913,-313.0,0.01,312
914,-266.0,0.01,265
915,-229.0,0.01,228
916,-379.0,0.01,378
917,-160.0,0.01,159
918,-327.0,0.01,326
919,-177.0,0.01,176
920,-231.0,0.01,230
921,-356.0,0.01,355
922,-243.0,0.01,242
923,-305.0,0.01,304
924,-538.0,0.01,537
925,-151.0,0.01,150
926,-587.0,0.01,586
927,-486.0,0.01,485
928,-305.0,0.01,304
929,-566.0,0.01,565
930,-157.0,0.01,156
931,-230.0,0.01,229
932,-224.0,0.01,223
933,-426.0,0.01,425
934,-401.0,0.01,400
935,-209.0,0.01,208
936,-369.0,0.01,368
937,-174.0,0.01,173
938,-168.0,0.01,167
939,-305.0,0.01,304
940,-160.0,0.01,159
941,-344.0,0.01,343
942,-456.0,0.01,455
943,-708.0,0.01,707
944,-423.0,0.01,422
945,-503.0,0.01,502
946,-219.0,0.01,218
947,-251.0,0.01,250
948,-349.0,0.01,348
949,-501.0,0.01,500
950,-540.0,0.01,539
951,-231.0,0.01,230
952,-843.0,0.01,842
953,-292.0,0.01,291
954,-408.0,0.01,407
955,-475.0,0.01,474
956,-1201.0,0.01,1200
957,-501.0,0.01,500
958,-167.0,0.01,166
959,-518.0,0.01,517
960,-716.0,0.01,715
961,-544.0,0.01,543
962,-983.0,0.01,982
963,-249.0,0.01,248
964,-1506.0,0.01,1505
965,-1968.0,0.01,1967
966,-1329.0,0.01,1328
967,-2000.0,0.01,1999
968,-959.0,0.01,958
969,-2000.0,0.01,1999
970,-1799.0,0.01,1798
971,-2000.0,0.01,1999
972,-2000.0,0.01,1999
973,-2000.0,0.01,1999
974,-1403.0,0.01,1402
975,-1089.0,0.01,1088
976,-912.0,0.01,911
977,-1957.0,0.01,1956
978,-2000.0,0.01,1999
979,-2000.0,0.01,1999
980,-2000.0,0.01,1999
981,-1037.0,0.01,1036
982,-2000.0,0.01,1999
983,-1256.0,0.01,1255
984,-638.0,0.01,637
985,-2000.0,0.01,1999
986,-676.0,0.01,675
987,-2000.0,0.01,1999
988,-2000.0,0.01,1999
989,-982.0,0.01,981
990,-2000.0,0.01,1999
991,-2000.0,0.01,1999
992,-2000.0,0.01,1999
993,-1575.0,0.01,1574
994,-1494.0,0.01,1493
995,-2000.0,0.01,1999
996,-2000.0,0.01,1999
997,-2000.0,0.01,1999
998,-2000.0,0.01,1999
999,-2000.0,0.01,1999
1000,-2000.0,0.01,1999
1001,-2000.0,0.01,1999
1002,-2000.0,0.01,1999
1003,-2000.0,0.01,1999
1004,-2000.0,0.01,1999
1005,-2000.0,0.01,1999
1006,-2000.0,0.01,1999
1007,-2000.0,0.01,1999
1008,-2000.0,0.01,1999
1009,-2000.0,0.01,1999
1010,-2000.0,0.01,1999
1011,-2000.0,0.01,1999
1012,-2000.0,0.01,1999
1013,-2000.0,0.01,1999
1014,-2000.0,0.01,1999
1015,-2000.0,0.01,1999
1016,-2000.0,0.01,1999
1017,-2000.0,0.01,1999
1018,-2000.0,0.01,1999
1019,-2000.0,0.01,1999
1020,-2000.0,0.01,1999
1021,-2000.0,0.01,1999
1022,-2000.0,0.01,1999
1023,-2000.0,0.01,1999
1024,-2000.0,0.01,1999
1025,-2000.0,0.01,1999
1026,-2000.0,0.01,1999
1027,-2000.0,0.01,1999
1028,-2000.0,0.01,1999
1029,-2000.0,0.01,1999
1030,-2000.0,0.01,1999
1031,-2000.0,0.01,1999
1032,-2000.0,0.01,1999
1033,-2000.0,0.01,1999
1034,-1175.0,0.01,1174
1035,-2000.0,0.01,1999
1036,-1108.0,0.01,1107
1037,-2000.0,0.01,1999
1038,-2000.0,0.01,1999
1039,-2000.0,0.01,1999
1040,-455.0,0.01,454
1041,-829.0,0.01,828
1042,-2000.0,0.01,1999
1043,-2000.0,0.01,1999
1044,-1720.0,0.01,1719
1045,-1461.0,0.01,1460
1046,-811.0,0.01,810
1047,-592.0,0.01,591
1048,-307.0,0.01,306
1049,-208.0,0.01,207
1050,-2000.0,0.01,1999
1051,-2000.0,0.01,1999
1052,-782.0,0.01,781
1053,-382.0,0.01,381
1054,-2000.0,0.01,1999
1055,-829.0,0.01,828
1056,-1091.0,0.01,1090
1057,-539.0,0.01,538
1058,-334.0,0.01,333
1059,-141.0,0.01,140
1060,-967.0,0.01,966
1061,-300.0,0.01,299
1062,-551.0,0.01,550
1063,-343.0,0.01,342
1064,-150.0,0.01,149
1065,-189.0,0.01,188
1066,-339.0,0.01,338
1067,-161.0,0.01,160
1068,-655.0,0.01,654
1069,-1152.0,0.01,1151
1070,-515.0,0.01,514
1071,-1115.0,0.01,1114
1072,-632.0,0.01,631
1073,-546.0,0.01,545
1074,-466.0,0.01,465
1075,-1242.0,0.01,1241
1076,-286.0,0.01,285
1077,-936.0,0.01,935
1078,-287.0,0.01,286
1079,-370.0,0.01,369
1080,-1333.0,0.01,1332
1081,-706.0,0.01,705
1082,-147.0,0.01,146
1083,-145.0,0.01,144
1084,-438.0,0.01,437
1085,-797.0,0.01,796
1086,-137.0,0.01,136
1087,-371.0,0.01,370
1088,-375.0,0.01,374
1089,-919.0,0.01,918
1090,-506.0,0.01,505
1091,-379.0,0.01,378
1092,-352.0,0.01,351
1093,-748.0,0.01,747
1094,-602.0,0.01,601
1095,-222.0,0.01,221
1096,-556.0,0.01,555
1097,-243.0,0.01,242
1098,-236.0,0.01,235
1099,-240.0,0.01,239
1100,-283.0,0.01,282
1101,-1304.0,0.01,1303
1102,-137.0,0.01,136
1103,-278.0,0.01,277
1104,-145.0,0.01,144
1105,-1404.0,0.01,1403
1106,-730.0,0.01,729
1107,-139.0,0.01,138
1108,-183.0,0.01,182
1109,-1499.0,0.01,1498
1110,-140.0,0.01,139
1111,-141.0,0.01,140
1112,-1651.0,0.01,1650
1113,-697.0,0.01,696
1114,-147.0,0.01,146
1115,-142.0,0.01,141
1116,-251.0,0.01,250
1117,-142.0,0.01,141
1118,-483.0,0.01,482
1119,-1043.0,0.01,1042
1120,-440.0,0.01,439
1121,-370.0,0.01,369
1122,-508.0,0.01,507
1123,-625.0,0.01,624
1124,-289.0,0.01,288
1125,-832.0,0.01,831
1126,-146.0,0.01,145
1127,-239.0,0.01,238
1128,-542.0,0.01,541
1129,-708.0,0.01,707
1130,-550.0,0.01,549
1131,-888.0,0.01,887
1132,-154.0,0.01,153
1133,-684.0,0.01,683
1134,-744.0,0.01,743
1135,-358.0,0.01,357
1136,-236.0,0.01,235
1137,-192.0,0.01,191
1138,-416.0,0.01,415
1139,-237.0,0.01,236
1140,-1347.0,0.01,1346
1141,-498.0,0.01,497
1142,-1880.0,0.01,1879
1143,-660.0,0.01,659
1144,-213.0,0.01,212
1145,-2000.0,0.01,1999
1146,-387.0,0.01,386
1147,-1608.0,0.01,1607
1148,-2000.0,0.01,1999
1149,-237.0,0.01,236
1150,-256.0,0.01,255
1151,-1564.0,0.01,1563
1152,-2000.0,0.01,1999
1153,-2000.0,0.01,1999
1154,-300.0,0.01,299
1155,-1003.0,0.01,1002
1156,-673.0,0.01,672
1157,-95.0,0.01,94
1158,-1075.0,0.01,1074
1159,-1927.0,0.01,1926
1160,-344.0,0.01,343
1161,-494.0,0.01,493
1162,-2000.0,0.01,1999
1163,-2000.0,0.01,1999
1164,-1988.0,0.01,1987
1165,-191.0,0.01,190
1166,-85.0,0.01,84
1167,-2000.0,0.01,1999
1168,-586.0,0.01,585
1169,-2000.0,0.01,1999
1170,-2000.0,0.01,1999
1171,-2000.0,0.01,1999
1172,-1893.0,0.01,1892
1173,-2000.0,0.01,1999
1174,-2000.0,0.01,1999
1175,-2000.0,0.01,1999
1176,-560.0,0.01,559
1177,-86.0,0.01,85
1178,-2000.0,0.01,1999
1179,-2000.0,0.01,1999
1180,-234.0,0.01,233
1181,-2000.0,0.01,1999
1182,-543.0,0.01,542
1183,-771.0,0.01,770
1184,-1221.0,0.01,1220
1185,-363.0,0.01,362
1186,-2000.0,0.01,1999
1187,-2000.0,0.01,1999
1188,-889.0,0.01,888
1189,-2000.0,0.01,1999
1190,-2000.0,0.01,1999
1191,-2000.0,0.01,1999
1192,-2000.0,0.01,1999
1193,-782.0,0.01,781
1194,-2000.0,0.01,1999
1195,-2000.0,0.01,1999
1196,-2000.0,0.01,1999
1197,-2000.0,0.01,1999
1198,-1917.0,0.01,1916
1199,-93.0,0.01,92
1200,-2000.0,0.01,1999
1201,-2000.0,0.01,1999
1202,-92.0,0.01,91
1203,-2000.0,0.01,1999
1204,-2000.0,0.01,1999
1205,-1763.0,0.01,1762
1206,-584.0,0.01,583
1207,-106.0,0.01,105
1208,-1090.0,0.01,1089
1209,-1429.0,0.01,1428
1210,-381.0,0.01,380
1211,-306.0,0.01,305
1212,-2000.0,0.01,1999
1213,-283.0,0.01,282
1214,-976.0,0.01,975
1215,-429.0,0.01,428
1216,-2000.0,0.01,1999
1217,-347.0,0.01,346
1218,-174.0,0.01,173
1219,-179.0,0.01,178
1220,-138.0,0.01,137
1221,-179.0,0.01,178
1222,-489.0,0.01,488
1223,-209.0,0.01,208
1224,-253.0,0.01,252
1225,-178.0,0.01,177
1226,-256.0,0.01,255
1227,-475.0,0.01,474
1228,-463.0,0.01,462
1229,-166.0,0.01,165
1230,-386.0,0.01,385
1231,-174.0,0.01,173
1232,-523.0,0.01,522
1233,-186.0,0.01,185
1234,-545.0,0.01,544
1235,-593.0,0.01,592
1236,-85.0,0.01,84
1237,-204.0,0.01,203
1238,-172.0,0.01,171
1239,-313.0,0.01,312
1240,-183.0,0.01,182
1241,-348.0,0.01,347
1242,-276.0,0.01,275
1243,-338.0,0.01,337
1244,-216.0,0.01,215
1245,-195.0,0.01,194
1246,-973.0,0.01,972
1247,-242.0,0.01,241
1248,-85.0,0.01,84
1249,-510.0,0.01,509
1250,-98.0,0.01,97
1251,-186.0,0.01,185
1252,-185.0,0.01,184
1253,-174.0,0.01,173
1254,-161.0,0.01,160
1255,-152.0,0.01,151
1256,-105.0,0.01,104
1257,-214.0,0.01,213
1258,-233.0,0.01,232
1259,-145.0,0.01,144
1260,-239.0,0.01,238
1261,-175.0,0.01,174
1262,-320.0,0.01,319
1263,-112.0,0.01,111
1264,-173.0,0.01,172
1265,-195.0,0.01,194
1266,-164.0,0.01,163
1267,-149.0,0.01,148
1268,-248.0,0.01,247
1269,-146.0,0.01,145
1270,-175.0,0.01,174
1271,-95.0,0.01,94
1272,-94.0,0.01,93
1273,-186.0,0.01,185
1274,-329.0,0.01,328
1275,-168.0,0.01,167
1276,-277.0,0.01,276
1277,-165.0,0.01,164
1278,-196.0,0.01,195
1279,-192.0,0.01,191
1280,-172.0,0.01,171
1281,-147.0,0.01,146
1282,-184.0,0.01,183
1283,-189.0,0.01,188
1284,-269.0,0.01,268
1285,-186.0,0.01,185
1286,-175.0,0.01,174
1287,-174.0,0.01,173
1288,-117.0,0.01,116
1289,-194.0,0.01,193
1290,-253.0,0.01,252
1291,-345.0,0.01,344
1292,-162.0,0.01,161
1293,-352.0,0.01,351
1294,-85.0,0.01,84
1295,-154.0,0.01,153
1296,-173.0,0.01,172
1297,-304.0,0.01,303
1298,-180.0,0.01,179
1299,-391.0,0.01,390
1300,-188.0,0.01,187
1301,-198.0,0.01,197
1302,-234.0,0.01,233
1303,-188.0,0.01,187
1304,-167.0,0.01,166
1305,-188.0,0.01,187
1306,-125.0,0.01,124
1307,-136.0,0.01,135
1308,-91.0,0.01,90
1309,-173.0,0.01,172
1310,-227.0,0.01,226
1311,-149.0,0.01,148
1312,-94.0,0.01,93
1313,-193.0,0.01,192
1314,-168.0,0.01,167
1315,-98.0,0.01,97
1316,-165.0,0.01,164
1317,-169.0,0.01,168
1318,-92.0,0.01,91
1319,-147.0,0.01,146
1320,-213.0,0.01,212
1321,-182.0,0.01,181
1322,-200.0,0.01,199
1323,-106.0,0.01,105
1324,-240.0,0.01,239
1325,-89.0,0.01,88
1326,-185.0,0.01,184
1327,-101.0,0.01,100
1328,-203.0,0.01,202
1329,-175.0,0.01,174
1330,-195.0,0.01,194
1331,-127.0,0.01,126
1332,-158.0,0.01,157
1333,-155.0,0.01,154
1334,-85.0,0.01,84
1335,-120.0,0.01,119
1336,-163.0,0.01,162
1337,-177.0,0.01,176
1338,-144.0,0.01,143
1339,-166.0,0.01,165
1340,-166.0,0.01,165
1341,-107.0,0.01,106
1342,-144.0,0.01,143
1343,-103.0,0.01,102
1344,-96.0,0.01,95
1345,-154.0,0.01,153
1346,-198.0,0.01,197
1347,-164.0,0.01,163
1348,-165.0,0.01,164
1349,-182.0,0.01,181
1350,-144.0,0.01,143
1351,-147.0,0.01,146
1352,-187.0,0.01,186
1353,-183.0,0.01,182
1354,-95.0,0.01,94
1355,-144.0,0.01,143
1356,-90.0,0.01,89
1357,-154.0,0.01,153
1358,-100.0,0.01,99
1359,-92.0,0.01,91
1360,-90.0,0.01,89
1361,-107.0,0.01,106
1362,-187.0,0.01,186
1363,-183.0,0.01,182
1364,-86.0,0.01,85
1365,-151.0,0.01,150
1366,-165.0,0.01,164
1367,-129.0,0.01,128
1368,-92.0,0.01,91
1369,-152.0,0.01,151
1370,-93.0,0.01,92
1371,-146.0,0.01,145
1372,-165.0,0.01,164
1373,-97.0,0.01,96
1374,-97.0,0.01,96
1375,-85.0,0.01,84
1376,-183.0,0.01,182
1377,-160.0,0.01,159
1378,-149.0,0.01,148
1379,-167.0,0.01,166
1380,-140.0,0.01,139
1381,-95.0,0.01,94
1382,-84.0,0.01,83
1383,-158.0,0.01,157
1384,-88.0,0.01,87
1385,-93.0,0.01,92
1386,-145.0,0.01,144
1387,-156.0,0.01,155
1388,-84.0,0.01,83
1389,-152.0,0.01,151
1390,-166.0,0.01,165
1391,-142.0,0.01,141
1392,-167.0,0.01,166
1393,-86.0,0.01,85
1394,-84.0,0.01,83
1395,-91.0,0.01,90
1396,-181.0,0.01,180
1397,-157.0,0.01,156
1398,-163.0,0.01,162
1399,-144.0,0.01,143
1400,-163.0,0.01,162
1401,-88.0,0.01,87
1402,-170.0,0.01,169
1403,-92.0,0.01,91
1404,-156.0,0.01,155
1405,-99.0,0.01,98
1406,-150.0,0.01,149
1407,-143.0,0.01,142
1408,-147.0,0.01,146
1409,-148.0,0.01,147
1410,-149.0,0.01,148
1411,-87.0,0.01,86
1412,-184.0,0.01,183
1413,-159.0,0.01,158
1414,-151.0,0.01,150
1415,-165.0,0.01,164
1416,-146.0,0.01,145
1417,-157.0,0.01,156
1418,-154.0,0.01,153
1419,-85.0,0.01,84
1420,-177.0,0.01,176
1421,-159.0,0.01,158
1422,-150.0,0.01,149
1423,-174.0,0.01,173
1424,-153.0,0.01,152
1425,-202.0,0.01,201
1426,-88.0,0.01,87
1427,-146.0,0.01,145
1428,-160.0,0.01,159
1429,-157.0,0.01,156
1430,-141.0,0.01,140
1431,-89.0,0.01,88
1432,-93.0,0.01,92
1433,-146.0,0.01,145
1434,-142.0,0.01,141
1435,-163.0,0.01,162
1436,-100.0,0.01,99
1437,-165.0,0.01,164
1438,-156.0,0.01,155
1439,-163.0,0.01,162
1440,-114.0,0.01,113
1441,-162.0,0.01,161
1442,-96.0,0.01,95
1443,-96.0,0.01,95
1444,-142.0,0.01,141
1445,-102.0,0.01,101
1446,-161.0,0.01,160
1447,-160.0,0.01,159
1448,-163.0,0.01,162
1449,-141.0,0.01,140
1450,-99.0,0.01,98
1451,-114.0,0.01,113
1452,-150.0,0.01,149
1453,-88.0,0.01,87
1454,-89.0,0.01,88
1455,-85.0,0.01,84
1456,-86.0,0.01,85
1457,-106.0,0.01,105
1458,-145.0,0.01,144
1459,-135.0,0.01,134
1460,-141.0,0.01,140
1461,-150.0,0.01,149
1462,-87.0,0.01,86
1463,-101.0,0.01,100
1464,-89.0,0.01,88
1465,-164.0,0.01,163
1466,-166.0,0.01,165
1467,-99.0,0.01,98
1468,-142.0,0.01,141
1469,-149.0,0.01,148
1470,-137.0,0.01,136
1471,-93.0,0.01,92
1472,-88.0,0.01,87
1473,-146.0,0.01,145
1474,-163.0,0.01,162
1475,-84.0,0.01,83
1476,-153.0,0.01,152
1477,-91.0,0.01,90
1478,-158.0,0.01,157
1479,-83.0,0.01,82
1480,-153.0,0.01,152
1481,-84.0,0.01,83
1482,-89.0,0.01,88
1483,-88.0,0.01,87
1484,-146.0,0.01,145
1485,-85.0,0.01,84
1486,-147.0,0.01,146
1487,-87.0,0.01,86
1488,-151.0,0.01,150
1489,-151.0,0.01,150
1490,-149.0,0.01,148
1491,-146.0,0.01,145
1492,-150.0,0.01,149
1493,-154.0,0.01,153
1494,-144.0,0.01,143
1495,-168.0,0.01,167
1496,-143.0,0.01,142
1497,-157.0,0.01,156
1498,-142.0,0.01,141
1499,-150.0,0.01,149
1500,-96.0,0.01,95
1501,-156.0,0.01,155
1502,-95.0,0.01,94
1503,-98.0,0.01,97
1504,-146.0,0.01,145
1505,-139.0,0.01,138
1506,-150.0,0.01,149
1507,-161.0,0.01,160
1508,-160.0,0.01,159
1509,-143.0,0.01,142
1510,-151.0,0.01,150
1511,-88.0,0.01,87
1512,-163.0,0.01,162
1513,-150.0,0.01,149
1514,-93.0,0.01,92
1515,-139.0,0.01,138
1516,-86.0,0.01,85
1517,-143.0,0.01,142
1518,-90.0,0.01,89
1519,-149.0,0.01,148
1520,-166.0,0.01,165
1521,-85.0,0.01,84
1522,-105.0,0.01,104
1523,-88.0,0.01,87
1524,-91.0,0.01,90
1525,-144.0,0.01,143
1526,-162.0,0.01,161
1527,-160.0,0.01,159
1528,-149.0,0.01,148
1529,-161.0,0.01,160
1530,-155.0,0.01,154
1531,-146.0,0.01,145
1532,-164.0,0.01,163
1533,-86.0,0.01,85
1534,-144.0,0.01,143
1535,-142.0,0.01,141
1536,-139.0,0.01,138
1537,-145.0,0.01,144
1538,-138.0,0.01,137
1539,-86.0,0.01,85
1540,-90.0,0.01,89
1541,-135.0,0.01,134
1542,-105.0,0.01,104
1543,-151.0,0.01,150
1544,-136.0,0.01,135
1545,-138.0,0.01,137
1546,-107.0,0.01,106
1547,-152.0,0.01,151
1548,-154.0,0.01,153
1549,-133.0,0.01,132
1550,-133.0,0.01,132
1551,-138.0,0.01,137
1552,-143.0,0.01,142
1553,-136.0,0.01,135
1554,-159.0,0.01,158
1555,-137.0,0.01,136
1556,-147.0,0.01,146
1557,-154.0,0.01,153
1558,-134.0,0.01,133
1559,-86.0,0.01,85
1560,-99.0,0.01,98
1561,-145.0,0.01,144
1562,-86.0,0.01,85
1563,-100.0,0.01,99
1564,-140.0,0.01,139
1565,-87.0,0.01,86
1566,-147.0,0.01,146
1567,-94.0,0.01,93
1568,-145.0,0.01,144
1569,-150.0,0.01,149
1570,-138.0,0.01,137
1571,-144.0,0.01,143
1572,-85.0,0.01,84
1573,-158.0,0.01,157
1574,-96.0,0.01,95
1575,-139.0,0.01,138
1576,-152.0,0.01,151
1577,-86.0,0.01,85
1578,-87.0,0.01,86
1579,-149.0,0.01,148
1580,-145.0,0.01,144
1581,-94.0,0.01,93
1582,-138.0,0.01,137
1583,-138.0,0.01,137
1584,-109.0,0.01,108
1585,-139.0,0.01,138
1586,-138.0,0.01,137
1587,-100.0,0.01,99
1588,-145.0,0.01,144
1589,-167.0,0.01,166
1590,-87.0,0.01,86
1591,-93.0,0.01,92
1592,-89.0,0.01,88
1593,-138.0,0.01,137
1594,-118.0,0.01,117
1595,-85.0,0.01,84
1596,-151.0,0.01,150
1597,-153.0,0.01,152
1598,-137.0,0.01,136
1599,-142.0,0.01,141
1600,-140.0,0.01,139
1601,-136.0,0.01,135
1602,-87.0,0.01,86
1603,-144.0,0.01,143
1604,-185.0,0.01,184
1605,-92.0,0.01,91
1606,-146.0,0.01,145
1607,-87.0,0.01,86
1608,-162.0,0.01,161
1609,-88.0,0.01,87
1610,-156.0,0.01,155
1611,-154.0,0.01,153
1612,-134.0,0.01,133
1613,-138.0,0.01,137
1614,-156.0,0.01,155
1615,-138.0,0.01,137
1616,-91.0,0.01,90
1617,-150.0,0.01,149
1618,-105.0,0.01,104
1619,-90.0,0.01,89
1620,-134.0,0.01,133
1621,-157.0,0.01,156
1622,-144.0,0.01,143
1623,-142.0,0.01,141
1624,-86.0,0.01,85
1625,-160.0,0.01,159
1626,-138.0,0.01,137
1627,-136.0,0.01,135
1628,-136.0,0.01,135
1629,-144.0,0.01,143
1630,-104.0,0.01,103
1631,-138.0,0.01,137
1632,-142.0,0.01,141
1633,-139.0,0.01,138
1634,-160.0,0.01,159
1635,-105.0,0.01,104
1636,-138.0,0.01,137
1637,-148.0,0.01,147
1638,-136.0,0.01,135
1639,-162.0,0.01,161
1640,-149.0,0.01,148
1641,-99.0,0.01,98
1642,-94.0,0.01,93
1643,-155.0,0.01,154
1644,-88.0,0.01,87
1645,-153.0,0.01,152
1646,-144.0,0.01,143
1647,-89.0,0.01,88
1648,-88.0,0.01,87
1649,-145.0,0.01,144
1650,-88.0,0.01,87
1651,-138.0,0.01,137
1652,-143.0,0.01,142
1653,-133.0,0.01,132
1654,-143.0,0.01,142
1655,-138.0,0.01,137
1656,-149.0,0.01,148
1657,-88.0,0.01,87
1658,-160.0,0.01,159
1659,-86.0,0.01,85
1660,-144.0,0.01,143
1661,-136.0,0.01,135
1662,-94.0,0.01,93
1663,-148.0,0.01,147
1664,-86.0,0.01,85
1665,-150.0,0.01,149
1666,-152.0,0.01,151
1667,-90.0,0.01,89
1668,-143.0,0.01,142
1669,-87.0,0.01,86
1670,-139.0,0.01,138
1671,-133.0,0.01,132
1672,-89.0,0.01,88
1673,-145.0,0.01,144
1674,-144.0,0.01,143
1675,-143.0,0.01,142
1676,-155.0,0.01,154
1677,-176.0,0.01,175
1678,-145.0,0.01,144
1679,-151.0,0.01,150
1680,-158.0,0.01,157
1681,-85.0,0.01,84
1682,-86.0,0.01,85
1683,-85.0,0.01,84
1684,-135.0,0.01,134
1685,-161.0,0.01,160
1686,-93.0,0.01,92
1687,-148.0,0.01,147
1688,-144.0,0.01,143
1689,-86.0,0.01,85
1690,-145.0,0.01,144
1691,-138.0,0.01,137
1692,-142.0,0.01,141
1693,-90.0,0.01,89
1694,-98.0,0.01,97
1695,-90.0,0.01,89
1696,-140.0,0.01,139
1697,-90.0,0.01,89
1698,-137.0,0.01,136
1699,-89.0,0.01,88
1700,-145.0,0.01,144
1701,-142.0,0.01,141
1702,-84.0,0.01,83
1703,-136.0,0.01,135
1704,-134.0,0.01,133
1705,-139.0,0.01,138
1706,-143.0,0.01,142
1707,-146.0,0.01,145
1708,-144.0,0.01,143
1709,-140.0,0.01,139
1710,-93.0,0.01,92
1711,-144.0,0.01,143
1712,-136.0,0.01,135
1713,-142.0,0.01,141
1714,-147.0,0.01,146
1715,-86.0,0.01,85
1716,-157.0,0.01,156
1717,-146.0,0.01,145
1718,-136.0,0.01,135
1719,-144.0,0.01,143
1720,-133.0,0.01,132
1721,-143.0,0.01,142
1722,-93.0,0.01,92
1723,-136.0,0.01,135
1724,-138.0,0.01,137
1725,-143.0,0.01,142
1726,-132.0,0.01,131
1727,-151.0,0.01,150
1728,-136.0,0.01,135
1729,-148.0,0.01,147
1730,-90.0,0.01,89
1731,-138.0,0.01,137
1732,-97.0,0.01,96
1733,-87.0,0.01,86
1734,-139.0,0.01,138
1735,-142.0,0.01,141
1736,-91.0,0.01,90
1737,-96.0,0.01,95
1738,-143.0,0.01,142
1739,-138.0,0.01,137
1740,-148.0,0.01,147
1741,-99.0,0.01,98
1742,-92.0,0.01,91
1743,-174.0,0.01,173
1744,-138.0,0.01,137
1745,-137.0,0.01,136
1746,-152.0,0.01,151
1747,-88.0,0.01,87
1748,-150.0,0.01,149
1749,-93.0,0.01,92
1750,-147.0,0.01,146
1751,-135.0,0.01,134
1752,-135.0,0.01,134
1753,-150.0,0.01,149
1754,-103.0,0.01,102
1755,-89.0,0.01,88
1756,-144.0,0.01,143
1757,-133.0,0.01,132
1758,-158.0,0.01,157
1759,-143.0,0.01,142
1760,-95.0,0.01,94
1761,-135.0,0.01,134
1762,-94.0,0.01,93
1763,-89.0,0.01,88
1764,-143.0,0.01,142
1765,-111.0,0.01,110
1766,-90.0,0.01,89
1767,-137.0,0.01,136
1768,-93.0,0.01,92
1769,-144.0,0.01,143
1770,-148.0,0.01,147
1771,-92.0,0.01,91
1772,-85.0,0.01,84
1773,-145.0,0.01,144
1774,-147.0,0.01,146
1775,-92.0,0.01,91
1776,-136.0,0.01,135
1777,-145.0,0.01,144
1778,-137.0,0.01,136
1779,-91.0,0.01,90
1780,-151.0,0.01,150
1781,-147.0,0.01,146
1782,-157.0,0.01,156
1783,-97.0,0.01,96
1784,-85.0,0.01,84
1785,-144.0,0.01,143
1786,-96.0,0.01,95
1787,-156.0,0.01,155
1788,-92.0,0.01,91
1789,-84.0,0.01,83
1790,-138.0,0.01,137
1791,-145.0,0.01,144
1792,-85.0,0.01,84
1793,-138.0,0.01,137
1794,-154.0,0.01,153
1795,-108.0,0.01,107
1796,-158.0,0.01,157
1797,-145.0,0.01,144
1798,-95.0,0.01,94
1799,-144.0,0.01,143
1800,-165.0,0.01,164
1801,-88.0,0.01,87
1802,-137.0,0.01,136
1803,-133.0,0.01,132
1804,-134.0,0.01,133
1805,-120.0,0.01,119
1806,-86.0,0.01,85
1807,-87.0,0.01,86
1808,-135.0,0.01,134
1809,-90.0,0.01,89
1810,-137.0,0.01,136
1811,-143.0,0.01,142
1812,-84.0,0.01,83
1813,-144.0,0.01,143
1814,-98.0,0.01,97
1815,-136.0,0.01,135
1816,-83.0,0.01,82
1817,-97.0,0.01,96
1818,-148.0,0.01,147
1819,-89.0,0.01,88
1820,-133.0,0.01,132
1821,-143.0,0.01,142
1822,-145.0,0.01,144
1823,-92.0,0.01,91
1824,-153.0,0.01,152
1825,-138.0,0.01,137
1826,-143.0,0.01,142
1827,-88.0,0.01,87
1828,-150.0,0.01,149
1829,-143.0,0.01,142
1830,-158.0,0.01,157
1831,-111.0,0.01,110
1832,-145.0,0.01,144
1833,-160.0,0.01,159
1834,-90.0,0.01,89
1835,-139.0,0.01,138
1836,-164.0,0.01,163
1837,-88.0,0.01,87
1838,-113.0,0.01,112
1839,-88.0,0.01,87
1840,-147.0,0.01,146
1841,-136.0,0.01,135
1842,-97.0,0.01,96
1843,-136.0,0.01,135
1844,-109.0,0.01,108
1845,-164.0,0.01,163
1846,-138.0,0.01,137
1847,-147.0,0.01,146
1848,-143.0,0.01,142
1849,-149.0,0.01,148
1850,-85.0,0.01,84
1851,-146.0,0.01,145
1852,-142.0,0.01,141
1853,-140.0,0.01,139
1854,-146.0,0.01,145
1855,-162.0,0.01,161
1856,-100.0,0.01,99
1857,-87.0,0.01,86
1858,-145.0,0.01,144
1859,-135.0,0.01,134
1860,-151.0,0.01,150
1861,-153.0,0.01,152
1862,-143.0,0.01,142
1863,-86.0,0.01,85
1864,-84.0,0.01,83
1865,-86.0,0.01,85
1866,-136.0,0.01,135
1867,-131.0,0.01,130
1868,-140.0,0.01,139
1869,-149.0,0.01,148
1870,-143.0,0.01,142
1871,-91.0,0.01,90
1872,-95.0,0.01,94
1873,-136.0,0.01,135
1874,-136.0,0.01,135
1875,-144.0,0.01,143
1876,-147.0,0.01,146
1877,-97.0,0.01,96
1878,-151.0,0.01,150
1879,-153.0,0.01,152
1880,-143.0,0.01,142
1881,-86.0,0.01,85
1882,-145.0,0.01,144
1883,-152.0,0.01,151
1884,-140.0,0.01,139
1885,-135.0,0.01,134
1886,-85.0,0.01,84
1887,-149.0,0.01,148
1888,-154.0,0.01,153
1889,-144.0,0.01,143
1890,-88.0,0.01,87
1891,-135.0,0.01,134
1892,-149.0,0.01,148
1893,-136.0,0.01,135
1894,-151.0,0.01,150
1895,-162.0,0.01,161
1896,-111.0,0.01,110
1897,-86.0,0.01,85
1898,-89.0,0.01,88
1899,-148.0,0.01,147
1900,-92.0,0.01,91
1901,-147.0,0.01,146
1902,-116.0,0.01,115
1903,-95.0,0.01,94
1904,-86.0,0.01,85
1905,-139.0,0.01,138
1906,-156.0,0.01,155
1907,-144.0,0.01,143
1908,-160.0,0.01,159
1909,-89.0,0.01,88
1910,-138.0,0.01,137
1911,-150.0,0.01,149
1912,-90.0,0.01,89
1913,-148.0,0.01,147
1914,-139.0,0.01,138
1915,-136.0,0.01,135
1916,-87.0,0.01,86
1917,-112.0,0.01,111
1918,-148.0,0.01,147
1919,-103.0,0.01,102
1920,-111.0,0.01,110
1921,-164.0,0.01,163
1922,-99.0,0.01,98
1923,-137.0,0.01,136
1924,-138.0,0.01,137
1925,-144.0,0.01,143
1926,-100.0,0.01,99
1927,-108.0,0.01,107
1928,-143.0,0.01,142
1929,-151.0,0.01,150
1930,-139.0,0.01,138
1931,-143.0,0.01,142
1932,-152.0,0.01,151
1933,-89.0,0.01,88
1934,-151.0,0.01,150
1935,-101.0,0.01,100
1936,-135.0,0.01,134
1937,-138.0,0.01,137
1938,-162.0,0.01,161
1939,-91.0,0.01,90
1940,-86.0,0.01,85
1941,-150.0,0.01,149
1942,-144.0,0.01,143
1943,-101.0,0.01,100
1944,-170.0,0.01,169
1945,-87.0,0.01,86
1946,-138.0,0.01,137
1947,-102.0,0.01,101
1948,-139.0,0.01,138
1949,-87.0,0.01,86
1950,-87.0,0.01,86
1951,-93.0,0.01,92
1952,-146.0,0.01,145
1953,-85.0,0.01,84
1954,-84.0,0.01,83
1955,-147.0,0.01,146
1956,-141.0,0.01,140
1957,-136.0,0.01,135
1958,-107.0,0.01,106
1959,-89.0,0.01,88
1960,-152.0,0.01,151
1961,-136.0,0.01,135
1962,-101.0,0.01,100
1963,-91.0,0.01,90
1964,-111.0,0.01,110
1965,-146.0,0.01,145
1966,-135.0,0.01,134
1967,-87.0,0.01,86
1968,-138.0,0.01,137
1969,-145.0,0.01,144
1970,-94.0,0.01,93
1971,-145.0,0.01,144
1972,-153.0,0.01,152
1973,-150.0,0.01,149
1974,-145.0,0.01,144
1975,-150.0,0.01,149
1976,-162.0,0.01,161
1977,-138.0,0.01,137
1978,-138.0,0.01,137
1979,-158.0,0.01,157
1980,-88.0,0.01,87
1981,-149.0,0.01,148
1982,-138.0,0.01,137
1983,-87.0,0.01,86
1984,-139.0,0.01,138
1985,-155.0,0.01,154
1986,-87.0,0.01,86
1987,-148.0,0.01,147
1988,-89.0,0.01,88
1989,-139.0,0.01,138
1990,-145.0,0.01,144
1991,-99.0,0.01,98
1992,-86.0,0.01,85
1993,-93.0,0.01,92
1994,-161.0,0.01,160
1995,-91.0,0.01,90
1996,-88.0,0.01,87
1997,-138.0,0.01,137
1998,-93.0,0.01,92
1999,-150.0,0.01,149
